"Term (용어)","Korean Term (한국어 용어)","Definition (영어 정의 원문)","Korean Definition (한국어 정의)"
"absolute grading","절대 평가","see grading","(grading 참조)"
"acculturation","문화 변용","the process of adjusting and adapting to a new culture, usually when one is living in the new culture, and often with the resultant creation of a new cultural identity","새로운 문화에 살면서 그 문화에 적응하고 조정해 나가는 과정으로, 종종 새로운 문화적 정체성을 형성하게 됨"
"achievement test","성취도 평가","an instrument used to determine whether course objectives have been met and appropriate knowledge and skills acquired by the end of a given period of instruction","특정 교육 기간이 끝난 후 수업 목표가 달성되었는지, 적절한 지식과 기술이 습득되었는지를 확인하는 도구"
"action research","실행 연구","the systematic investigation of an issue, problem, or pedagogical question in a ""live"" classroom setting with students, and reporting on the findings of the investigation","실제 학생들이 있는 교실 현장에서 발생하는 문제나 교육적 의문에 대해 체계적으로 조사하고 그 결과를 보고하는 연구"
"activity","활동","a reasonably unified set of student behaviors, limited in time, preceded by some direction from the teacher, with a particular objective","교사의 지시 하에 특정 목표를 가지고 제한된 시간 내에 이루어지는 일련의 학생 행동"
"additive bilingualism","가산적 이중언어","context in which the native language is held in prestige by the community or society","모국어가 지역사회나 사회에서 존중받는 환경"
"adjunct model","병행 수업 모형","(of content-based language teaching) linking subject-matter teachers and language teachers in content-based courses","내용 중심 교수법에서 교과목 교사와 언어 교사가 협력하여 수업을 연계하는 모형"
"affect","정의(정서)","emotion or feeling","감정이나 느낌"
"affective filter","정의적 여과막","A condition of low anxiety and nondefensiveness that permits one to acquire a language","불안이 낮고 방어적이지 않아 언어 습득을 가능하게 하는 심리적 상태"
"affordances","행동 유발성 (어포던스)","opportunities for meaningful action that a situation leads to; a reciprocal relationship between a person and a particular feature of the environment that signals a possibility for action","상황이 이끌어내는 의미 있는 행동의 기회; 행동의 가능성을 신호하는 환경의 특정 요소와 사람 간의 상호 관계"
"agency","주체성","a person's ability to make choices, take control, self-regulate, and thereby pursue goals as an individual, leading potentially to personal or social transformation","개인이 선택하고, 통제하며, 자율적으로 목표를 추구하여 잠재적으로 개인적/사회적 변화를 이끄는 능력"
"alternative assessment","대안적 평가","various instruments that are less traditional and more authentic in their elicitation of meaningful communication","의미 있는 의사소통을 이끌어낸다는 점에서 덜 전통적이고 더 실제적인 다양한 평가 도구들"
"alternatives","선택지","see options","(options 참조)"
"ambiguity intolerance","모호함에 대한 불관용","a style in which an individual is ill-equipped to withstand or manage a high degree of uncertainty in a linguistic context","언어적 맥락에서 높은 수준의 불확실성을 견디거나 관리하는 데 어려움을 느끼는 성향"
"ambiguity tolerance","모호함에 대한 관용","a style in which an individual is relatively well suited to withstand or manage a high degree of uncertainty in a linguistic context","언어적 맥락에서 높은 수준의 불확실성을 비교적 잘 견디거나 관리할 수 있는 성향"
"analytic scoring","분석적 채점","an approach that separately rates a number of predetermined aspects (e.g., grammar, content, organization) of a test-taker's language production (e.g., writing); as opposed to holistic scoring","학습자의 언어 수행(예: 작문)을 문법, 내용, 조직 등 미리 정해진 여러 측면으로 나누어 채점하는 방식 (총체적 채점과 반대)"
"approach","접근법","theoretical positions and beliefs about teaching, language, language learning, learners, institutional and societal factors, purposes of a course, and the applicability of all to a specific educational context","교수, 언어, 학습, 학습자, 사회적 요인 등에 대한 이론적 입장과 신념 및 그 적용 가능성"
"appropriate-word scoring","적절한 단어 채점법","see cloze","(cloze 참조)"
"approximative system","근사 체계","Learner language that emphasizes the successive approximation of the learner's output to the target language","학습자의 발화가 목표 언어에 점차 가까워지는 과정을 강조하는 학습자 언어"
"aptitude test","적성 검사","an instrument designed to measure capacity or general ability a priori (e.g., before taking a foreign language course) to predict success in that undertaking","외국어 과정을 시작하기 전에 성공 가능성을 예측하기 위해 잠재력이나 일반적인 능력을 측정하는 도구"
"artifacts","인공물","In nonverbal communication, factors external to a person, such as clothing and ornamentation, and their effect on communication","비언어적 의사소통에서 의복, 장신구 등 사람 외적인 요소들과 그것이 의사소통에 미치는 영향"
"assess, assessment","평가(사정)","an ongoing process of collecting information about a given performance according to systematic and substantively grounded procedures","체계적이고 실질적인 절차에 따라 주어진 수행에 대한 정보를 수집하는 지속적인 과정"
"assessment","평가","an ongoing process ranging from formal tests to informal evaluation (see test)","공식적인 시험부터 비공식적인 평가까지 포함하는 지속적인 과정"
"assimilative orientation","동화적 성향","Learning a language in order to form a long-term identity with the culture of a second language group, possibly at the expense of losing one's original cultural identity","제2언어 집단의 문화와 장기적인 정체성을 형성하기 위해 언어를 배우는 것 (자신의 원래 문화적 정체성을 잃을 수도 있음)"
"attention getting","주의 끌기","Securing the attention of one's audience in a conversation","대화에서 청중의 주의를 확보하는 것"
"attribution theory","귀인 이론","How people explain the cause of their own successes and failures","사람들이 자신의 성공과 실패의 원인을 어떻게 설명하는지에 대한 이론"
"Audiolingual Method (ALM)","청각구두식 교수법","a language teaching method that emphasized oral production, pattern drills, and conditioning through repetition","구두 발화, 패턴 연습, 반복을 통한 조건 형성을 강조한 언어 교수법"
"authenticity","실제성 (진정성)","(of a test) the degree of correspondence of the characteristics of a given language test task to the features of the actual target language task","언어 시험 과제의 특징이 실제 목표 언어 과제의 특징과 일치하는 정도"
"automaticity","자동화","the act of processing input and giving output without deliberation or hesitation in real-time speed","실시간 속도로 깊은 숙고나 주저함 없이 입력을 처리하고 출력하는 행위"
"autonomy","자율성","individual effort and action through which learners initiate language, problem solving, strategic action, and the generation of linguistic input","학습자가 언어, 문제 해결, 전략적 행동, 언어 입력 생성을 주도하는 개인적 노력과 행동"
"avoidance","회피","(Of a topic) in a conversation, steering others away from an unwanted topic; (of a language form) a strategy that leads to refraining from producing a form that speaker may not know, often through an alternative form","대화에서 원치 않는 주제를 피하거나, 잘 모르는 언어 형태의 사용을 피하기 위해 다른 형태를 사용하는 전략"
"basic interpersonal communication skills (BICS)","기본 대인 의사소통 능력","abilities that enable language users to function in everyday personal exchanges; context-embedded performance","일상적인 대인 관계나 교류에서 기능할 수 있게 하는 능력 (문맥 의존적 수행)"
"benchmarks","기준","see standards","(standards 참조)"
"bilingual education","이중언어 교육","classroom instruction in two languages for the same group of students; students receive some of their instruction in one language and some in the other, in varying proportions according to program type, instructional goals, and contextual influences","동일한 학생 집단을 대상으로 두 언어로 수업을 진행하는 교육 방식; 프로그램 유형, 목표, 맥락에 따라 비율을 달리함"
"bilingualism","이중언어 사용","ability in two or more languages","두 개 이상의 언어를 구사하는 능력"
"bottom-up processing","상향식 처리","a focus on the ""bits and pieces"" of language, breaking language into component parts and giving them central focus, eventually working toward meaning","언어의 작은 조각(구성 요소)들에 초점을 맞추어 점차 의미를 파악해 나가는 처리 방식"
"brainstorming","브레인스토밍","open-ended, rapid-fire voluntary oral or written listing of ideas with no debate or evaluation by others","타인의 비판이나 평가 없이 자유롭고 빠르게 아이디어를 구두나 글로 나열하는 것"
"bursts","덩어리 (청크)","(in a dictation test) the length of word groups; see dictation","(받아쓰기 시험에서) 한 번에 불러주는 단어 그룹의 길이"
"CALL (Computer Assisted Language Learning)","컴퓨터 보조 언어 학습","the subfield of applied linguistics concerned with the use of computers for teaching and learning a second language","제2언어 교수 및 학습에 컴퓨터를 사용하는 것을 다루는 응용언어학의 하위 분야"
"clarification request","명료화 요구","An elicitation of a reformulation or repetition from a student","학생에게 다시 말하거나 수정해 달라고 유도하는 것"
"Classical Method","고전적 교수법","a language teaching method in which the focus is on grammatical rules, memorization of vocabulary and other language forms, translation of texts, and performing written exercises","문법 규칙, 단어 암기, 텍스트 번역, 작문 연습에 초점을 둔 언어 교수법"
"classroom language","교실 영어","academic discourse typical of linguistic exchanges in classrooms between teacher and students and among students (e.g., in small group work), often involving directions, questions, discussions, agreeing and disagreeing","교실에서 교사와 학생, 학생 간에 오가는 전형적인 학문적 담화 (지시, 질문, 토론 등)"
"classroom management","학급 경영","the process of ensuring that classroom lessons run smoothly considering a wide range of factors from the physical arrangement of a classroom, to teaching styles and philosophy, to classroom energy","물리적 배치, 교수 스타일, 수업 분위기 등 다양한 요소를 고려하여 수업이 원활히 진행되도록 하는 과정"
"classroom research","교실 연구","research into the ways in which classroom interaction patterns affect the teaching/learning process","교실 상호작용 패턴이 교수/학습 과정에 미치는 영향을 연구하는 것"
"classroom-based assessment","교실 기반 평가","assessment activities and instruments, usually created by teachers or students, that provide evaluative information to be used as feedback on students' performance","학생 수행에 대한 피드백으로 사용하기 위해 교사나 학생이 만든 평가 활동 및 도구"
"cloze","클로즈 (빈칸 메우기)","a text in which words are deleted and the test-taker must provide a word that fits the blank space","단어가 삭제된 텍스트의 빈칸에 알맞은 단어를 채워 넣는 시험"
"appropriate-word scoring (cloze)","적절한 단어 채점법","a scoring method that accepts a suitable, grammatically and rhetorically acceptable word that fits the blank space in the original text","원문 빈칸에 문법적, 수사적으로 적절한 단어라면 정답으로 인정하는 채점 방식"
"exact-word scoring (cloze)","정확한 단어 채점법","a scoring method that is limited to accepting the same word found in the original text","원문에 있는 단어와 똑같은 단어만 정답으로 인정하는 채점 방식"
"fixed-ratio deletion (cloze)","고정 비율 삭제","every nth (e.g., sixth or seventh) word is deleted in a text","텍스트에서 매 n번째(예: 6번째 또는 7번째) 단어를 삭제하는 방식"
"listening cloze (cloze)","듣기 클로즈","a cloze test that requires the test-taker to listen to a cloze passage while reading it; also known as cloze dictation, partial dictation","빈칸이 있는 지문을 읽으면서 내용을 듣고 채워 넣는 시험"
"rational deletion (cloze)","합리적 삭제","words are deleted in a text on a rational basis (e.g., prepositions, sentence connectors) to assess specified grammatical or rhetorical categories","특정 문법이나 수사적 범주를 평가하기 위해 의도적으로 단어(예: 전치사, 접속사)를 삭제하는 방식"
"code-switching","코드 스위칭","In bilinguals, the act of inserting words, phrases, or even longer stretches of one language into another","이중언어 화자가 대화 도중 단어, 구 등을 한 언어에서 다른 언어로 바꾸어 사용하는 행위"
"cognitive academic language proficiency (CALP)","인지적 학문 언어 능력","ability of language users to function in such academic contexts as test-taking, writing, analyzing, and reading academic texts","시험, 작문, 분석, 학술 텍스트 읽기 등 학문적 맥락에서 기능할 수 있는 언어 능력"
"cognitive pruning","인지적 가지치기","The elimination of unnecessary clutter and a clearing of the way for more material to enter the cognitive field","새로운 정보를 받아들이기 위해 불필요한 정보를 제거하고 인지 구조를 정리하는 과정"
"collaboration","협동","the process of learners working together (as opposed to individually) with their classmates in reaching goals of a task, solving problems, practicing language, etc.","과업 목표 달성, 문제 해결 등을 위해 학습자들이 서로 협력하는 과정"
"collocation","연어","a sequence of words or terms that co-occur more often than would be expected by chance, such as ""iron will,"" ""zero tolerance,"" and ""sugar and cream""","""굳은 의지""처럼 우연보다 더 자주 함께 쓰이는 단어들의 조합"
"communicative","의사소통적","student responses are meaningful, real-world related, open-ended, and unpredictable","학생의 반응이 의미 있고, 실제 세계와 관련되며, 개방적이고 예측 불가능한 성격"
"communicative competence (CC)","의사소통 능력","the cluster of abilities that enable humans to convey and interpret messages and to negotiate meanings interpersonally within specific contexts","특정 맥락에서 메시지를 전달하고 해석하며 의미를 협상할 수 있게 하는 능력들의 집합"
"Communicative Language Teaching (CLT)","의사소통 중심 교수법","an approach to language teaching methodology that emphasizes authenticity, interaction, student-centered learning, task-based activities, and communication for real-world, meaningful purposes","실제성, 상호작용, 학생 중심 학습, 과업, 실제적 목적의 의사소통을 강조하는 교수법"
"communicative language test","의사소통 언어 평가","assessment that incorporates authentic, meaningful, real-world tasks","실제적이고 의미 있는 과업을 포함하는 평가"
"communicative test","의사소통 평가","a test that elicits a test-taker's ability to use language that is meaningful and authentic","의미 있고 실제적인 언어 사용 능력을 이끌어내는 시험"
"Community Language Learning (CLL)","공동체 언어 학습법","language teaching method that emphasizes interpersonal relationships, inductive learning, and views the teacher as a ""counselor""","대인 관계와 귀납적 학습을 강조하며, 교사를 '상담자'로 보는 교수법"
"community of practice (CoP)","실천 공동체","group of people who share a common interest in a particular domain, characterized by mutual engagement, joint enterprise, and shared repertoire","공통의 관심사를 공유하며 상호 참여하고 협력하는 사람들의 모임"
"compensatory strategies","보상 전략","Strategic options designed to overcome self-perceived weakness, such as using prefabricated patterns, code-switching, and appeal to authority","자신의 부족한 점을 극복하기 위해 사용하는 전략 (예: 암기된 패턴 사용, 코드 스위칭 등)"
"competence","언어 능력","one's hypothesized (empirically unobservable) underlying ability to perform language","언어를 수행할 수 있는 내재적이고 가설적인 능력 (직접 관찰 불가)"
"composing","작문 (구성)","the thinking, drafting, and revising procedures involved in planned writing","계획된 글쓰기에 포함되는 사고, 초안 작성, 수정의 과정"
"compound noun","복합 명사","a noun that is made up of two or more words; in English these are formed by nouns modified by other nouns or adjectives","두 개 이상의 단어로 이루어진 명사"
"computer-adaptive test (CAT)","컴퓨터 적응형 검사","instruments in which test-takers receive a set of questions that meet test specifications and that are generally appropriate for their performance level","수험자의 능력 수준에 맞는 문제들이 제시되는 시험"
"computer-assisted language learning (CALL)","컴퓨터 보조 언어 학습","the application of computer technology to language learning and teaching","언어 학습과 교육에 컴퓨터 기술을 적용하는 것"
"computer-mediated communication (CMC)","컴퓨터 매개 의사소통","communication through the use of two or more electronic devices such as computers, tablet PCs, and smart phones. Commonly used formats are e-mail, video, audio, or text chatting supported by social software (applications)","컴퓨터나 스마트폰 등 전자기기를 통해 이루어지는 의사소통"
"conceptually driven processing","개념 주도적 처리","same as top-down processing","(top-down processing 참조)"
"concordancing","콘코던싱 (용례 검색)","indexing of words that enables one to reference words in the multiple possible contexts in which they appear in spoken or written language","구어나 문어에서 단어가 나타나는 다양한 문맥을 찾아볼 수 있게 색인화하는 것"
"concurrent validity","공인 타당도","the extent to which results of a test are supported by other relatively recent performance beyond the test itself","시험 결과가 그 시험 외의 다른 최근 수행 결과(예: 공인된 시험)와 얼마나 일치하는지"
"consciousness-raising","의식 고양","drawing students' attention to formal elements of language within the context of meaningful communication and tasks","의미 있는 의사소통과 과업 내에서 언어의 형태적 요소에 학생들의 주의를 끄는 것"
"consequential impact","결과적 영향","a test's impact, including such considerations as its accuracy in measuring intended criteria, its effect on preparation by test-takers, and the (intended and unintended) social consequences of the test's interpretation and use","시험의 정확성, 준비 과정에 미치는 영향, 사회적 결과 등을 포함한 시험의 파급 효과"
"consequential validity","결과 타당도","see validity","(validity 참조)"
"construct","구인 (구성 개념)","the specific definition of an ability; this is often not directly measurable (e.g., fluency) but can be inferred from observation","직접 측정하기 어려운 능력(예: 유창성)에 대한 구체적인 정의"
"construct validity","구인 타당도","(of a test) the extent to which a test actually taps into the theoretical construct that it proposes to assess","시험이 측정하고자 하는 이론적 구인을 실제로 얼마나 잘 측정하고 있는지"
"content schemata","내용 스키마","what we know about people, the world, culture, and the universe","사람, 세상, 문화 등에 대해 우리가 알고 있는 지식"
"content validity","내용 타당도","(of a test) the extent to which test tasks actually sample the subject matter about which conclusions are to be drawn","시험 과제가 측정하고자 하는 내용을 얼마나 잘 표집(대표)하고 있는지"
"content word","내용어","a word that has meaning, such as a noun, main verb, adjective, and adverb; as opposed to function word","명사, 동사, 형용사 등 실질적인 의미를 가진 단어 (기능어와 반대)"
"content-based language teaching (CBLT)","내용 중심 교수법","an umbrella term for a multifaceted approach to L2 language teaching that integrates language teaching aims with content instruction","언어 교육 목표와 내용(교과) 교육을 통합하는 다각적인 접근법"
"content-related validity","내용 관련 타당도","the extent to which a test actually samples the subject matter about which conclusions are to be drawn (see validity)","시험이 측정하고자 하는 주제를 실제로 얼마나 잘 표집하는지 (validity 참조)"
"context-embedded language","문맥 의존적 언어","Language forms and functions that are embedded in a set of schemata within which the learner can operate, as in meaningful conversations, real-life tasks, and extensive reading","의미 있는 대화나 실제 과업처럼 학습자가 활용할 수 있는 스키마(배경지식)가 풍부한 언어"
"context-reduced language","문맥 결핍적 언어","Language forms and functions that lack a set of embedded schemata within which the learner can operate, as in the traditional test items, isolated reading excerpts, and repetition drills","전통적인 시험 문제나 반복 연습처럼 활용할 수 있는 스키마가 부족한 언어"
"contrastive rhetoric","대조 수사학","L1 schemata and patterns of thinking and writing can carry over into L2 writing (see intercultural rhetoric)","모국어의 사고방식과 작문 패턴이 제2언어 작문에 전이될 수 있다는 연구 분야"
"controlled process","통제 처리","Capacity limited and temporary cognitive efforts, as opposed to automatic process","자동화된 처리와 달리 용량이 제한적이고 일시적인 인지 노력"
"controlled writing","통제 작문","teachers typically present a short text to students in which they must alter a given structure throughout (e.g., convert present to past tense)","학생들에게 짧은 텍스트를 주고 특정 구조(예: 시제)를 바꾸도록 하는 작문 연습"
"controlled-response task","통제 반응 과업","a task that limits the amount of language that is produced; for example, in a controlled writing task, a number of grammatical or lexical constraints apply","문법이나 어휘 제약 등을 통해 산출되는 언어의 양이나 형태를 제한하는 과업"
"cooperative learning","협동 학습","model of education in which students work together in pairs and groups, share information, and come to each other's aid, as opposed to teacher-centered instruction (see learner-centered instruction)","학생들이 짝이나 그룹으로 협력하고 서로 도우며 학습하는 모형"
"corpora","코퍼스 (복수형)","plural of corpus (see corpus linguistics)","Corpus의 복수형"
"corpus linguistics","코퍼스 언어학","an approach to linguistic research that relies on computer analyses of a collection, or corpus, of texts-written, transcribed speech, or both stored in electronic form and analyzed with digital software","전자 형태로 저장된 텍스트 모음(코퍼스)을 컴퓨터로 분석하는 언어학 연구 방법"
"corpus-based teaching","코퍼스 기반 교수","using corpora to inform curriculum and lesson designs (see corpus linguistics)","코퍼스를 활용하여 커리큘럼과 수업을 설계하는 것"
"corrective feedback","교정적 피드백","Responses to a learner's output that attempt to repair or call attention to an error or mistake","학습자의 오류를 수정하거나 오류에 주의를 기울이게 하는 반응"
"course","코스 (과정)","a unified series of classes over a determined period of time, centered on a particular subject in an educational institution","특정 주제를 중심으로 일정 기간 동안 진행되는 일련의 수업"
"course management system (CMS)","학습 관리 시스템","a software application for administering, documenting, tracking, reporting, and delivering e-learning education courses or training programs","온라인 강좌나 훈련 프로그램을 관리, 기록, 추적, 전달하는 소프트웨어"
"covert error","은밀한 오류","An error that is grammatically well formed at the sentence level but not interpretable within the context of communication; discourse error","문장 수준에서는 문법적으로 맞지만 문맥상 해석이 불가능한 오류 (담화 오류)"
"creative construction","창조적 구성","The hypothesis, in child second language acquisition, that claims the rarity of L1 interference, the emergence of common acquisition orders, perception of systematic features of language, and the production of novel utterances","아동 제2언어 습득에서 모방이 아니라 규칙을 스스로 구성하고 새로운 발화를 만들어낸다는 가설"
"criterion-referenced test","준거 지향 평가","a test designed to give test-takers feedback, usually in the form of grades, on specific courses or lesson objectives; the distribution of students' scores across a continuum may be of little concern","특정 수업 목표 달성 여부에 대한 피드백을 주기 위해 설계된 시험"
"criterion-related validity","준거 관련 타당도","the extent to which the linguistic criteria of the test (e.g., specified classroom objectives) are measured and implied predetermined levels of performance are actually reached","시험의 언어적 준거가 측정되고 있는지, 정해진 수행 수준에 도달했는지를 나타내는 정도"
"critical language assessment","비판적 언어 평가","the recognition that tests represent a social technology deeply embedded in education, government, and business, and as such, they provide the mechanism for enforcing power and control","시험이 사회적 권력과 통제를 강화하는 수단이 될 수 있음을 인식하는 것"
"critical language testing","비판적 언어 평가 (테스팅)","a movement to examine possible covert social and political roles of language tests","언어 시험의 은밀한 사회적, 정치적 역할을 조사하려는 움직임"
"critical pedagogy","비판적 교수법","a view of learning and teaching as deeply embedded in social, political, and ideological mores, and motivated by our beliefs about education and its place in society","교육을 사회, 정치, 이념적 관습 속에 깊이 내재된 것으로 보는 관점"
"critical period","결정적 시기","A biologically determined period of life when language can be acquired more easily and beyond which time language is increasingly difficult to acquire","언어를 더 쉽게 습득할 수 있는 생물학적으로 정해진 시기"
"curriculum","교육과정","a course of study that includes specifications of topics, forms, assignments, and schedules for completion; also, a group of separate courses within a program (see syllabus)","주제, 형식, 과제, 일정 등을 포함한 학습 과정의 계획"
"data-driven processing","자료 주도적 처리","same as bottom-up processing","(bottom-up processing 참조)"
"debilitative anxiety","저해적 불안","Feelings of worry that are perceived as detrimental to one's self-efficacy or that hinder one's performance","자기 효능감에 해롭거나 수행을 방해하는 것으로 인식되는 걱정"
"diagnostic test","진단 평가","an assessment instrument designed to analyze a test-taker's strengths and weaknesses in terms of grammar, pronunciation, fluency, discourse, or other targeted linguistic features","학습자의 문법, 발음, 유창성 등 언어적 강점과 약점을 분석하기 위한 평가 도구"
"dialogical cosmopolitanism","대화적 세계시민주의","the ideology that persons can belong to a single community through mutual collaboration and acceptance of all members' varying cultures, ideas, values, etc.","상호 협력과 다양성 수용을 통해 하나의 공동체에 속할 수 있다는 이념"
"dialogue journal","대화 일기","an ongoing written interaction between two people to exchange experiences, ideas, knowledge or reflections; a student records thoughts, feelings, and reactions and an instructor reads and responds","두 사람이 경험, 아이디어 등을 교환하기 위해 글로 주고받는 지속적인 상호작용"
"dichotomous scoring","이분법적 채점","a method of scoring that considers a test-taker's response as either correct or incorrect, sometimes assigned as a 0 or 1","답을 맞음/틀림(0 또는 1)으로만 구분하여 채점하는 방식"
"dictation","받아쓰기","a method of assessment in which test-takers listen to a text and write down what they hear","텍스트를 듣고 들은 내용을 받아 적는 평가 방식"
"dicto-comp","딕토콤","a variant of dictation whereby test-takers listen to a relatively long text (e.g., a paragraph of several sentences or more) and try to internalize the content, some phrases, and/or key lexical items and then use them to re-create the text","텍스트를 듣고 내용과 주요 어휘를 기억하여 글을 재구성해 쓰는 활동"
"dictocomp","딕토콤","a paragraph is read at normal speed 2-3 times, then students rewrite the paragraph to the best of their recollection","문단을 정상 속도로 2-3번 읽어주고 학생들이 기억을 되살려 다시 쓰는 활동"
"Direct Method","직접 교수법","a language teaching method popular in the early twentieth century that emphasized direct target language use, oral communication skills, and inductive grammar, without recourse to translation from the first language","번역 없이 목표어의 직접 사용, 구두 의사소통, 귀납적 문법을 강조한 교수법"
"direct testing","직접 평가","an assessment method in which the test-taker actually performs the target task; as opposed to indirect testing","수험자가 실제 목표 과업을 직접 수행하는 평가 방식"
"directive","지시적","(approaches to teaching) the teacher is more in control of lessons than students","교사가 학생보다 수업을 더 많이 통제하는 교수 방식"
"discourse","담화","an instance of spoken or written language with describable internal relationships of form and meaning (e.g., words, structures, cohesion) that relate coherently to an external communicative function or purpose and a given audience or interlocutor","형태와 의미의 내부적 관계를 가지며 외부적 의사소통 기능과 일관되게 연결되는 언어"
"discourse analysis","담화 분석","The examination of the relationship between forms and functions of language beyond the sentence level","문장 단위를 넘어선 언어의 형태와 기능 간의 관계를 분석하는 것"
"discourse completion tasks","담화 완성 과업","techniques used in the study of linguistics and pragmatics to elicit particular speech acts","특정 화행을 이끌어내기 위해 사용되는 기법"
"discovery learning","발견 학습","the concept that when learners are spurred to induce language or other content, as opposed to being told by the teacher, greater retention results","교사에게 듣는 대신 학습자가 스스로 언어나 내용을 유도해 낼 때 기억이 더 오래 남는다는 개념"
"discrete point testing","분리 항목 평가 (테스팅)","assessment on the assumption that language could be broken down into its component parts and those parts adequately tested","언어를 구성 요소로 쪼개어 각각 테스트할 수 있다는 가정하에 이루어지는 평가"
"discrete-point test","분리 항목 평가","assessments designed on the assumption that language can be broken down into its component parts and that those parts can be tested successfully","언어가 구성 요소로 나뉠 수 있고 그 부분들이 성공적으로 테스트될 수 있다는 가정하에 설계된 평가"
"display question","전시성 질문","an attempt to elicit information already known by the teacher","교사가 이미 알고 있는 정보를 학생에게 확인하기 위해 하는 질문"
"display writing","전시성 작문","primarily for the display of a student's knowledge, as opposed to real writing","진짜 의사소통이 아니라 학생의 지식을 보여주기 위한 글쓰기"
"distractor efficiency","오답지 효율성","the effectiveness of the distractor to attract a test-taker away from the correct response","오답지가 수험자를 정답에서 멀어지게 유인하는 효과"
"distractors","오답지","in a multiple-choice item, responses used to divert or distract the testtaker from the correct response","선다형 문제에서 정답이 아닌 선택지"
"drill","드릴 (반복 연습)","a mechanical technique focusing on a minimal number of language forms through repetition","소수의 언어 형태에 집중하여 반복하는 기계적 기법"
"dynamic assessment","역동적 평가","promoting, through feedback or other forms of support, learner development in the abilities being assessed","평가 도중 피드백이나 지원을 제공하여 학습자의 능력 발달을 촉진하는 평가"
"dynamic systems theory (DST)","역동적 체계 이론","an amalgamation of claims, based on chaos theory and complexity theory, that language acquisition is a dynamic process involving nonlinear individual variations","언어 습득이 비선형적이고 역동적인 과정이라는 이론들의 결합"
"elicitation","유도","A corrective technique that prompts that learner to self-correct","학습자가 스스로 오류를 수정하도록 유도하는 기법"
"embodied cognition","체화된 인지","the concept that an organism's sensorimotor capacities, body, and environment play crucial roles in the development of cognitive and linguistic abilities","신체, 감각운동 능력, 환경이 인지 및 언어 발달에 중요한 역할을 한다는 개념"
"emergent stage","출현 단계","(Of learner language) one in which the learner grows in consistency in linguistic production","학습자의 언어 산출에서 일관성이 자라나는 단계"
"enabling objectives","하위 목표","interim steps within a lesson that build upon each other and ultimately lead to a terminal objective","최종 목표에 도달하기 위해 서로 쌓아 올려가는 중간 단계의 목표들"
"English for academic purposes (EAP)","학문 목적 영어","see languages for specific purposes","(languages for specific purposes 참조)"
"equated forms","동형 검사","forms that are reliable across tests so that a score on a subsequent form of a test has the same validity and interpretability as a score on the original test","후속 시험 점수가 원 시험 점수와 동일한 타당도와 해석 가능성을 갖도록 신뢰성 있게 제작된 시험지들"
"equilibration","평형화","Progressive interior organization of knowledge in a stepwise fashion; moving from states of doubt and uncertainty to stages of resolution and certainty","의심과 불확실성의 상태에서 해결과 확실성의 단계로 나아가는 지식의 점진적 내부 조직화"
"evaluation","평가 (가치판단)","making decisions about students' performance (and possibly competence) based on the results of tests, other assessments, and/or teachers' reports","시험, 평가, 교사 보고서 등을 바탕으로 학생의 수행에 대해 의사결정을 내리는 것"
"experiential learning","경험 학습","instruction that highlights giving students concrete experiences in which they must use language in order to fulfill the objectives of a lesson","수업 목표 달성을 위해 언어를 사용해야 하는 구체적인 경험을 제공하는 것을 강조하는 교육"
"explicit treatment","명시적 지도","drawing learners' focal attention to formal elements of language, as opposed to implicit treatment","언어의 형태적 요소에 학습자의 주의를 명시적으로 집중시키는 것"
"extensive reading","다독","the process of achieving a general understanding of a relatively long text (book, long article, or essay, etc.)","비교적 긴 텍스트의 전반적인 이해를 목적으로 읽는 과정"
"extra-class work","과제","assignments that a student is given to do outside the regular class hours, commonly called ""homework""","정규 수업 시간 외에 하도록 주어지는 과제(숙제)"
"extrinsic motivation","외재적 동기","choices made and effort expended on activities in anticipation of a reward from outside and beyond the self","외부로부터의 보상을 기대하여 활동을 선택하고 노력하는 것"
"face validity","안면 타당도","(of a test) the extent to which a test, on the ""face"" of it, appears from the learner's perspective to test what it is designed to test; the extent to which a test-taker views the assessment as fair, relevant, and useful for improving learning","학습자의 입장에서 볼 때 시험이 측정하려는 것을 제대로 측정하는 것처럼 보이는 정도"
"facilitative anxiety","촉진적 불안","""Helpful"" anxiety, euphoric tension, or the beneficial effects of apprehension over a task to be accomplished","과업 수행에 도움이 되는 긍정적인 긴장감이나 불안"
"fluency","유창성","the unfettered flow of language production or comprehension, usually without focal attention on language forms","언어 형태에 과도하게 집중하지 않고 자연스럽게 언어를 산출하고 이해하는 흐름"
"focal attention","집중 주의","Giving central attention to a stimulus, as opposed to peripheral attention","자극에 중심적인 주의를 기울이는 것 (주변적 주의와 반대)"
"focus on form (FonF)","형태 초점 교수","an approach that attempts to induce learners' incidental learning by drawing their attention to target forms while they are engaged in communicative activities (see form-focused instruction)","의사소통 활동 중에 목표 언어 형태에 주의를 기울이게 하여 부수적 학습을 유도하는 접근법"
"foreign language","외국어","(context) the target language is not readily accessible outside the classroom; for example, German (as the L2) in Australia","교실 밖에서는 목표어를 접하기 힘든 환경 (예: 호주에서 배우는 독일어)"
"form (of language)","언어 형태","unit of language, such as morphemes, words, grammar rules, discourse rules, and other organizational elements of language","형태소, 단어, 문법 규칙 등 언어의 조직적 요소"
"form-focused assessment","형태 중심 평가","assessment that focuses on the organizational components (e.g., grammar, vocabulary) of a language","언어의 조직적 구성 요소(문법, 어휘 등)에 초점을 맞춘 평가"
"form-focused instruction (FFI)","형태 중심 교수","any planned or incidental instructional activity that is intended to include language learners to pay attention to linguistic form","학습자가 언어 형태에 주의를 기울이도록 의도된 계획되거나 우발적인 교수 활동"
"formal assessment","공식적 평가","deliberate, planned assessment using scoring and grading criteria and usually with conventionalized feedback","채점 기준과 관습적인 피드백을 사용하는 의도적이고 계획된 평가"
"formal schemata","형식 스키마","knowledge about language and discourse structure","언어와 담화 구조에 대한 지식"
"formative assessment","형성 평가","ongoing informal evaluation serving the purpose of facilitating improvement in a student's performance","학생의 수행 향상을 돕기 위해 진행되는 지속적인 비공식적 평가"
"fossilization","화석화","The relatively permanent incorporation of incorrect linguistic forms into a person's second language competence","잘못된 언어 형태가 제2언어 능력의 일부로 비교적 영구적으로 굳어지는 현상"
"freewriting","자유 작문","writing simply to start the ""flow"" of writing, with little thought to grammaticality, spelling, logical thinking, or organization","문법, 철자, 논리 등을 신경 쓰지 않고 글쓰기의 흐름을 시작하기 위해 쓰는 것"
"function (of language)","언어 기능","a meaningful, interactive purpose within a social (pragmatic) context, which we accomplish with forms of language","언어 형태를 통해 달성하는 사회적 맥락 내의 의미 있고 상호작용적인 목적"
"function word","기능어","a word (e.g., preposition, pronoun, auxiliary verb, article) that has very little meaning but instead serves to express relationships among other words; as opposed to content word","전치사, 대명사, 조동사, 관사처럼 의미는 적지만 단어 간의 관계를 나타내는 단어"
"Functional Syllabus","기능적 요목","see Notional-Functional Syllabus","(Notional-Functional Syllabus 참조)"
"gate-keeping","문지기 역할","the extent to which tests control entry and exit into and from educational, political, social, and commercial entities; playing the role of allowing or denying someone passage to the next stage","시험이 교육, 정치, 사회적 집단으로의 진입과 퇴출을 통제하는 정도"
"genre","장르","a category of discourse characterized by similarities in form, style, or subject matter (e.g., academic essay, poem, business letter)","형식, 스타일, 주제 등에서 유사성을 띠는 담화의 범주"
"genre-based pedagogy","장르 중심 교수법","a focus on discipline-specific genres, such as laboratory reports, travel brochures, financial reports, essays, or newspaper articles","실험 보고서, 에세이 등 특정 분야의 장르에 초점을 맞춘 교수법"
"global error","전체적 오류","An error that hinders communication or prevents a hearer (or reader) from comprehending some aspect of a message","의사소통을 방해하거나 메시지 이해를 어렵게 만드는 오류"
"goal","목표","the overall purpose toward which a course or a lesson is directed and is intended to achieve","수업이나 코스가 지향하고 달성하고자 하는 전반적인 목적"
"grade inflation","성적 인플레이션","a phenomenon that shows an increase in the frequency of ""high"" grades assigned to students","학생들에게 높은 성적을 부여하는 빈도가 증가하는 현상"
"grading","성적 부여","assigning a score to a test or a composite set of recorded assessments, usually by means of a letter (A through F)","시험이나 평가 기록에 점수나 등급을 부여하는 것"
"absolute grading","절대 평가","a score on a test-taker's performance is empirically calculated by predetermined measures of achievement of learning objectives","사전에 정해진 학습 목표 달성 기준에 따라 점수를 산출하는 방식"
"relative grading","상대 평가","also known as ""grading on the curve,"" in which a score on a test-taker's performance is compared with those of other test-takers and sometimes altered to suit instructional needs","다른 수험자의 점수와 비교하여 점수를 매기는 방식"
"Grammar Translation Method","문법 번역식 교수법","a language teaching method in which the central focus is on grammatical rules, paradigms, and vocabulary memorization","문법 규칙, 패러다임, 단어 암기에 중점을 둔 언어 교수법"
"group dynamics","집단 역학","the way that two or more students behave with each other in a particular classroom environment, which also influences how they relate to each other and how effectively communicate and work together","교실 환경에서 학생들이 서로 행동하고 관계 맺는 방식"
"group work","모둠 활동","a variety of techniques in which two or more students are assigned a task that involves collaboration and self-initiated language","두 명 이상의 학생이 협력하고 자발적으로 언어를 사용하는 과업을 수행하는 활동"
"guided writing","유도 작문","teachers provide a series of stimulators (e.g., asking students a series of questions), which enables them to tell a story just viewed on a videotape","교사가 질문 등의 자극을 제공하여 학생들이 이야기를 쓰도록 돕는 작문"
"haptics","촉각학 (체감)","any form of nonverbal communication involving touch, also known as kinesthetics","촉각이나 신체 움직임을 포함하는 비언어적 의사소통"
"high stakes","고부담","(standardized tests) instruments used to make crucial decisions about one's future path (e.g., college entrance, employment, certification)","대학 입학, 취업 등 미래 진로에 결정적인 영향을 미치는 시험"
"high-frequency word","고빈도 어휘","a word that appears often in written and oral texts and is part of the foundation of vocabulary knowledge that proficient users of the language have acquired; as opposed to low-frequency word","텍스트에 자주 등장하며 어휘 지식의 기초가 되는 단어"
"high-stakes test","고부담 시험","an instrument that provides information on the basis of which significant, possibly life-altering, decisions are made about test-takers (e.g., admission to a course/school); see also gatekeeping","수험자의 인생을 바꿀 수 있는 중요한 결정의 근거가 되는 시험"
"holistic score","총체적 점수","a global rating for a test-taker's language production as determined by a single general scale; as opposed to analytic score","단일 척도로 결정된 언어 수행에 대한 전반적인 평점"
"identity","정체성","the extent to which L2 learners do not perceive themselves merely as individual entities, but more importantly, as an integral and constitutive part of the social world to which they are connected","학습자가 자신을 단순한 개인이 아니라 사회적 세계의 필수적인 구성원으로 인식하는 정도"
"idiom","관용구","figure of speech whose meaning cannot be determined by the literal definition but whose metaphorical meaning is known through common use","문자 그대로의 정의로는 의미를 알 수 없으나 관습적으로 은유적 의미가 통하는 어구"
"illocutionary competence","발화 수반 능력","The ability to send and receive intended meaning","의도된 의미를 전달하고 받아들이는 능력"
"illocutionary force","발화 수반력","The intended meaning of the utterance or text within its context","맥락 속에서 발화나 텍스트의 의도된 의미"
"imagined communities","상상의 공동체","a community as perceived by a learner, or the mental image of a socially constructed community","학습자가 인식하거나 마음속에 그리는 사회적으로 구성된 공동체"
"immersion","몰입 교육","educational model that typically provides the majority of subject-matter content through the medium of the L2","교과 내용의 대부분을 제2언어로 가르치는 교육 모델"
"immersion education","몰입 교육 (교육)","a system in which all academic subjects are taught in a target language such as French, Spanish, or Mandarin","모든 교과목을 목표어(불어, 스페인어 등)로 가르치는 시스템"
"impact","영향","the effect of the use of a test on individual test-takers, institutions, and society","시험 사용이 개인, 기관, 사회에 미치는 영향"
"implicit (treatment)","암시적 (지도)","incorporation of formal elements of language without overt focal attention to forms, as opposed to explicit treatment of form","언어 형태에 명시적으로 주의를 기울이지 않고 자연스럽게 포함시키는 것"
"incidental learning","부수적 학습","acquisition without intention to learn or focal awareness of elements of language, as opposed to intentional learning","학습 의도나 의식적인 주의 없이 일어나는 습득"
"indirect testing","간접 평가","an assessment method in which the test-taker is not required to perform the target task; rather, inference is made from performance on nontarget tasks; as opposed to direct testing","수험자가 목표 과업을 직접 수행하지 않고, 다른 과업 수행을 통해 능력을 추론하는 평가"
"informal assessment","비공식적 평가","incidental, unplanned evaluation usually embedded in classroom tasks, and usually designed to elicit improved performance","교실 과업 중에 일어나는 우발적이고 계획되지 않은 평가"
"information transfer","정보 전이","a process in which information processed from one skill (e.g,, listening to a telephone message) is used to perform another skill (e.g., writing down a name/number to return a phone call)","한 기능에서 처리된 정보를 사용하여 다른 기능을 수행하는 과정"
"input enhancement","입력 강화","highlighting, boldfacing, or otherwise calling attention to certain target grammatical forms in a reading text","텍스트의 특정 문법 형태를 굵게 표시하는 등으로 주의를 끄는 것"
"input hypothesis","입력 가설","the claim that linguistic input is sufficient for L2 acquisition","언어 입력이 제2언어 습득에 충분하다는 주장"
"institutionalized expression","관용적 표현","a longer utterance that is fixed in form and used for social interaction (e.g., ""How do you do?"")","사회적 상호작용을 위해 형태가 고정된 긴 발화"
"instrumental orientation","도구적 성향","acquiring a language as a means for attaining instrumental goals, such as acquiring a degree or certificate in an academic institution, furthering a career, reading technical material, translation, etc.","학위 취득 등 도구적 목표를 달성하기 위한 수단으로 언어를 배우는 성향"
"integrative orientation","통합적 성향","learning a language in order to integrate oneself into the culture of a second language group and become involved in social interchange in that group","제2언어 집단의 문화에 통합되고 사회적 교류에 참여하기 위해 언어를 배우는 성향"
"integrative test","통합 평가","a test that treats language competence as a unified set of skills (listening, reading, speaking, and writing) interacting with grammatical, lexical, and phonological knowledge","언어 능력을 통합된 기술의 집합으로 취급하는 시험"
"integrative testing","통합 평가 (테스팅)","a view of testing that incorporated the whole of a communicative event, considered to be greater than the sum of its linguistic elements","의사소통 사건 전체를 언어 요소의 합보다 큰 것으로 간주하는 평가 관점"
"intensive reading","정독","usually a classroom-oriented activity in which students focus on the linguistic or semantic details of a passage","텍스트의 언어적, 의미적 세부 사항에 집중하는 교실 활동"
"intentional learning","의도적 학습","see explicit (treatment of form)","(explicit (treatment of form) 참조)"
"inter-rater reliability","채점자 간 신뢰도","see reliability","(reliability 참조)"
"interaction","상호작용","the collaborative exchange of thoughts, feelings, or ideas between two or more people; in an L2 classroom, face-to-face communication (usually orally) involving pair/group work, meaningful communication, and spontaneous conversations and discussions","두 사람 이상 간의 생각, 감정, 아이디어의 협력적 교환"
"interaction hypothesis","상호작용 가설","the claim that language competence is the result not only of input, but also of interaction","언어 능력은 입력뿐만 아니라 상호작용의 결과라는 주장"
"interactive (skills)","상호작용적 (기술)","combining the use of more than one skill (reading, writing, speaking, or listening) when using language","언어 사용 시 하나 이상의 기술을 결합하여 사용하는 것"
"intercultural competence","문화간 능력","ability to understand, empathize with, and/or function in a culture or cultures other than one's L1 culture","타 문화를 이해하고 공감하며 기능할 수 있는 능력"
"intercultural rhetoric","문화간 수사학","accounting for the richness of rhetorical variation of written texts, the varying contexts in which they are constructed, and the cultural characteristics of writing (see contrastive rhetoric)","작문의 수사적 다양성과 문화적 특징을 설명하는 분야"
"interference","간섭","negative transfer in which a previous item is incorrectly transferred or incorrectly associated with an item to be learned","이전 항목이 잘못 전이되어 학습을 방해하는 부정적 전이"
"interlanguage","중간 언어","learner language that emphasizes the separateness of a second language learner's system, a system that has a structurally intermediate status between the native and target languages","모국어와 목표어 사이의 구조적 중간 상태인 학습자의 독자적인 언어 체계"
"interlingual transfer","언어 간 전이","the effect of one language on another","한 언어가 다른 언어에 미치는 영향"
"interpersonal","대인간","existing or happening between people","사람들 사이에서 존재하거나 일어나는 것"
"interview","인터뷰","context in which a teacher engages in a face-to-face question-and-answer dialogue with a student for a designated assessment purpose","평가 목적으로 교사가 학생과 대면하여 질의응답을 하는 상황"
"intra-rater reliability","채점자 내 신뢰도","see reliability","(reliability 참조)"
"intralingual transfer","언어 내 전이","the effect of forms, patterns, and discourse conventions of one language (usually the L2) on other forms, patterns, and discourse conventions within the same language","한 언어 내의 형태나 패턴이 같은 언어 내의 다른 형태에 미치는 영향"
"intrinsic motivation","내재적 동기","choices made and effort expended on activities for which there is no apparent reward except the activity itself","활동 자체의 즐거움 외에 다른 보상 없이 노력하는 동기"
"investment","투자","commitment and motivation to accomplish major goals (such as language learning); learners are seeking to increase the ""value"" of their cultural capital","목표 달성을 위한 헌신; 자신의 문화적 자본 가치를 높이려는 노력"
"item discrimination (ID)","문항 변별도","a statistic used to differentiate between high- and low-ability test-takers","상위권과 하위권 수험자를 구별하는 통계치"
"item facility (IF)","문항 난이도","a statistic used to examine the percentage of students who correctly answer a given test item","문항의 정답률을 나타내는 통계치"
"item response theory","문항 반응 이론","a measurement approach that uses complex statistical modeling of test performance data to make generalizations about item characteristics","문항 특성을 일반화하기 위해 복잡한 통계 모델을 사용하는 측정 접근법"
"key","정답","the correct response to a multiple-choice question","선다형 문제의 정답"
"languaculture","언어문화","the inseparability of language and culture; the ""langua"" is about discourse, not just about words and sentences, and the ""culture"" is about meanings that include, but go well beyond, what the dictionary and grammar offer","언어와 문화의 불가분성"
"language ability","언어 능력","an general or overall competence to perform in an acquired language; also referred to as language proficiency (a less preferable term)","언어를 수행하는 전반적인 능력 (숙달도)"
"language ego","언어 자아","the identity a person develops in reference to the language he or she speaks","자신이 사용하는 언어와 관련하여 형성하는 정체성"
"Language Experience Approach (LEA)","언어 경험 접근법","an integrated-skills approach initially used in teaching native language reading skills, but more recently adapted to second language learning contexts","원래 모국어 읽기 교육에 사용되었으나 제2언어 학습에 적용된 통합 기술 접근법"
"language policy","언어 정책","official statements by governmental or educational institutions that declare the status, use, and teaching of a language within a political or geographical entity","언어의 지위, 사용, 교육에 대한 정부나 기관의 공식 성명"
"languages for specific purposes (LSP)","특수 목적 언어","instruction in which students learn to interact with the language as it is spoken or written in specific disciplines being pursued by students","특정 학문이나 직업 분야에서 사용되는 언어를 배우는 교육"
"LCTLS (Less Commonly Taught Languages)","특수 외국어","all languages other than English and the commonly taught European languages of French, German, and Spanish","영어와 주요 유럽어(불어, 독어, 스페인어)를 제외한 모든 언어"
"learner language","학습자 언어","generic term used to describe a learner's interlanguage or interlanguage system","학습자의 중간언어 체계를 설명하는 일반적인 용어"
"learner-centered instruction","학습자 중심 교육","model of education with a focus on learners' needs and goals and individual differences in a supportive atmosphere that offers students choices and some control","학습자의 필요, 목표, 개인차에 초점을 맞춘 교육 모델"
"learning strategies","학습 전략","strategic options relating to input, processing, storage, and retrieval, or taking in messages from others, as opposed to communication strategies","입력, 처리, 저장, 인출과 관련된 전략적 선택"
"learning style","학습 양식","cognitive, affective, and physiological traits that are relatively stable indicators of how learners perceive, interact with, and respond to the learning environment","학습자가 학습 환경을 인지하고 반응하는 방식을 보여주는 비교적 안정적인 특성"
"lesson","수업","a single class or part of a course of instruction","단일 수업 또는 교육 과정의 일부"
"Lexical Approach","어휘 중심 접근법","a language teaching method that emphasized the importance of words (vocabulary) in SLA","제2언어 습득에서 어휘의 중요성을 강조한 교수법"
"lexicogrammatical","어휘문법적","a term used in systemic functional linguistics (SFL) to emphasize the interdependence of vocabulary (lexis) and syntax (grammar)","어휘와 문법의 상호의존성을 강조하는 용어"
"liberation education","해방 교육","teaching to enable learners to think critically, to be freed from oppressive doctrines and systems, to believe in themselves, and to ""pull themselves up by their own bootstraps""","억압적인 교리로부터 자유로워지고 비판적으로 사고하도록 돕는 교육"
"limited-response task","제한 반응 과업","a task that requires only a few words or a phrase as the answer","몇 단어나 구 정도의 대답만 요구하는 과업"
"linguicism","언어 차별주의","the belief that language has the potential to legitimize an unequal division of power and resources in which a dominant language is held in high esteem and dominated languages are stigmatized","언어가 불평등한 권력 분배를 정당화할 수 있다는 믿음 (언어 차별)"
"listening cloze","듣기 클로즈","see cloze","(cloze 참조)"
"literacy","문해력","ability to read and write (and, at its beginning level, to recognize and produce alphabetic symbols, capitalized and lowercase letters, punctuation, words)","읽고 쓰는 능력"
"low-frequency word","저빈도 어휘","a word that seldom or rarely appears in written or spoken texts; as opposed to high-frequency word","텍스트에 드물게 나타나는 단어"
"macroskills","거시 기술","skills that are technically at the discourse level","담화 수준의 기술"
"MALL (Mobile Assisted Language Learning)","모바일 보조 언어 학습","the use of mobile technologies (e.g., smart phones, tablets) for language learning, especially in situations where device portability offers particular advantages","언어 학습에 모바일 기술을 사용하는 것"
"manipulative","조작적","pertaining to techniques totally controlled by the teacher and requiring a predicted response from the student(s)","교사가 완전히 통제하고 학생의 예측된 반응을 요구하는 기법"
"meaning","의미","the semantic level of structural items including lexical and grammatical meaning","어휘적, 문법적 의미를 포함한 구조적 항목의 의미 수준"
"meaningful drills","유의미한 연습","techniques with a predicted or a limited set of possible responses relating to some form of reality","현실과 관련이 있으며 반응이 제한적인 기법"
"meaningful learning","유의미 학습","anchoring and relating new items and experiences to knowledge that exists in the cognitive framework","새로운 항목을 기존의 인지 구조 지식과 연결하는 학습"
"measurement","측정","the process of quantifying a test-taker's performance according to explicit procedures or rules","명시적 절차에 따라 수험자의 수행을 수량화하는 과정"
"mechanical drills","기계적 연습","techniques that require only one correct response from a student without connection with reality","현실과의 연결 없이 하나의 정답만을 요구하는 기법"
"mechanical task","기계적 과업","a task that determines in advance what the test-taker will produce (e.g., reading aloud or repeating a sentence)","수험자가 산출할 내용을 미리 결정해 놓은 과업 (예: 낭독)"
"mediation","중재","utilizing a concept or idea to act as an intermediary between otherwise difficult or unrelatable cognitive/linguistic constructs in order to achieve meaning or communicative goals; the process of assisting learning through scaffolding and other means that help learners to reach their goals","개념을 중재자로 활용하거나 비계를 통해 학습을 돕는 과정"
"metacognitive strategies","상위 인지 전략","strategic options that relate to one's ""executive"" functions; strategies that involve planning for learning, thinking about the learning process as it is taking place, monitoring of one's production or comprehension, and evaluating learning after an activity is completed","계획, 모니터링, 평가 등 실행 기능과 관련된 전략"
"metalinguistic feedback","메타언어적 피드백","responses to a learner's output that provide comments, information, or questions related to the linguistics form(s) of the learner's utterance","학습자 발화의 언어적 형태에 대한 설명이나 정보를 제공하는 피드백"
"method","교수법","a coherent, prescribed group of activities and techniques for language teaching, unified by a homogeneous set of principles or foundations; sometimes claimed to be suitable for all L2 teaching contexts","일관된 원리로 통일된 언어 교수 활동 및 기법의 집합"
"methodology","방법론","pedagogical practices in general, including theoretical underpinnings and related research","이론적 배경과 연구를 포함한 일반적인 교육적 관행"
"micro-text deconstruction","미시 텍스트 해체","referring to the branch of NLP that focuses on handling microtext","마이크로 텍스트 처리에 초점을 맞춘 NLP의 한 분야"
"microskills","미시 기술","skills that are at the sentence level","문장 수준의 기술"
"mobile-assisted language learning (MALL)","모바일 보조 언어 학습","the use of mobile technologies (phones, tablets) for language learning, especially when device portability offers advantages","휴대폰, 태블릿 등 모바일 기술을 이용한 언어 학습"
"modified interaction","수정된 상호작용","the various modifications that native speakers and otherinterlocutors create in order to render their input comprehensible to learners","원어민 등이 입력을 이해 가능하게 만들기 위해 사용하는 다양한 수정"
"modifying input","입력 수정","inputs which cause a change in input-output relationships for either desired inputs or interfering inputs or for both","입력-출력 관계에 변화를 일으키는 입력"
"motivation","동기","the anticipation of reward, whether internally or externally administered; choices made about goals to pursue and the effort exerted in their completion","보상에 대한 기대; 추구할 목표에 대한 선택"
"multilingualism","다중언어 사용","ability to use two or more languages","두 개 이상의 언어를 사용하는 능력"
"multimodal communication","다중 양식 의사소통","sending and receiving messages through several modes, such as text, visuals, audio, and touch, that are available when creating ePortfolios, websites, visual presentation slides, research posters, and other materials","텍스트, 시각, 오디오, 터치 등 여러 양식을 통해 메시지를 주고받는 것"
"multiple intelligences","다중 지능","the hypothesis that intelligence is not limited to traditional concepts of verbal, logical, and mathematical ability, but has multiple modes including spatial, emotional, musical, contextual, and interpersonal","지능이 전통적 개념에 국한되지 않고 다양한 양식을 가진다는 가설"
"narrative evaluation","서술형 평가","a form of individualized written feedback about a student's performance, sometimes used as an alternative or supplement to a letter grade","학생 수행에 대한 개별화된 서술형 피드백"
"native English-speaking teachers (NESTS)","원어민 교사","teachers whose L1 is English","영어를 모국어로 사용하는 교사"
"nativization","토착화","indigenization of a language; what was once a second language in culture evolves into a language accepted as ""native"" or standard","제2언어가 토착화되어 '모국어'처럼 받아들여지는 현상"
"Natural Approach","자연적 접근법","a language teaching method that simulates child language acquisition by emphasizing communication, comprehensible input, kinesthetic activities, and virtually no grammatical analysis","의사소통과 이해 가능한 입력을 강조하여 아동 언어 습득을 모방한 교수법"
"naturalization","귀화","the act of making someone a legal citizen of a country that they were not born in","타국 출신을 법적 시민으로 만드는 행위"
"necessity","필요성","a criterion for legitimizing the conditions of a theory in which a component part must be included, and if not, the theory is rendered inadequate, as opposed to sufficiency","이론 구성에 필수적인 요소가 포함되어야 한다는 기준"
"negotiation","협상","the act or process of reaching an agreement, usually involving linguistic exchanges, as in the give-and-take of conversation","언어적 교환을 포함하여 합의에 도달하는 과정"
"nondirective","비지시적","using more inductive, student-centered approaches","귀납적이고 학생 중심적인 접근을 사용하는 것"
"nonnative English-speaking teachers (NNESTS)","비원어민 교사","teachers whose L1 is not English","영어가 모국어가 아닌 교사"
"norm-referenced test","규준 지향 평가","instrument in which each test-taker's score is interpreted in relation to a mean, median, standard deviation, and/or percentile rank","평균, 중앙값, 백분위 등과 관련하여 점수를 해석하는 시험 (상대평가)"
"norming","규준 설정","a process in which raters review a scoring rubric before using it, aligning it with other similar assessment instruments, to confirm the reliability and validity of the rubric","채점자가 루브릭을 검토하고 조정하여 신뢰도와 타당도를 확인하는 과정"
"noticing","주목 (알아차림)","the learner's paying attention to specific linguistic features in input","학습자가 입력의 특정 언어적 특징에 주의를 기울이는 것"
"Notional-Functional Syllabus","개념-기능 요목","a language course that attends primarily to functions as organizing elements of a foreign language curriculum","기능을 외국어 커리큘럼의 주요 구성 요소로 삼는 코스"
"objective","목표","explicit statement of what students will gain from a lesson and their expected performance, which will demonstrate achievement of learning outcomes","수업을 통해 얻을 것과 기대되는 수행에 대한 명시적 진술"
"objective tests","객관식 평가","tests that have predetermined fixed responses","미리 정해진 고정된 반응(정답)이 있는 시험"
"optimal distance model","최적 거리 모형","the hypothesis that an adult who fails to master a second language in a second culture may have failed to synchronize linguistic and culturaldevelopment","언어적, 문화적 발달의 동기화 실패가 제2언어 습득 실패의 원인일 수 있다는 가설"
"options","선택지","different responses from which a test-taker can choose in an item","문항에서 수험자가 선택할 수 있는 다양한 응답"
"orientation","성향","one's personal perspective on a culture other than one's own, and the extent to which that perspective influences the intensity of motivation to understand or adapt to that culture and/or the language of the culture","타 문화에 대한 개인적 관점 및 그것이 동기에 미치는 영향"
"overgeneralization","과잉 일반화","the process of generalizing a particular rule or item in the second language, irrespective of the native language, beyond conventional rules or boundaries","제2언어의 규칙을 관습적 범위를 넘어 과도하게 일반화하는 과정"
"pacing","속도 조절","the comfort level of a lesson in terms of rhythm and speed","수업의 리듬과 속도에 대한 편안함의 정도"
"pair work","짝 활동","group work in groups of two, but usually involves less complex and briefer tasks","두 명이 짝을 지어 수행하는 비교적 간단한 과업"
"paradigm shifts","패러다임 전환","a change in the perceptions and beliefs of a person or group of people","개인이나 집단의 인식과 신념의 변화"
"parameters","매개변수","characteristics of human language (in Universal Grammar) that vary across languages; built-in options, settings, or values that allow for cross-linguistic variation","언어마다 다르게 나타나는 보편 문법의 특성"
"parsing","구문 분석","the process of analyzing a string of symbols, either in natural language, computer languages or data structures, conforming to the rules of a formal grammar","문법 규칙에 따라 기호열(문장)을 분석하는 과정"
"partial-credit scoring","부분 점수제","a method of scoring that permits multiple criteria for correctness so that a test taker might get partial credit (a fraction of full credit) for a response to a test item; see polytomous scoring","정답의 기준을 다양화하여 부분 점수를 부여하는 채점 방식"
"pedagogical tasks","교육적 과업","any of a sequence of techniques designed ultimately to teach students to perform the target task.","학생들이 목표 과업을 수행하도록 가르치기 위해 설계된 일련의 기법"
"pedagogy","교육학","the principles and methods of teaching; the theory and practice of education and instruction","가르치는 원리와 방법; 교육의 이론과 실제"
"peer pressure","동료 압력","encouragement, often among children, to conform to the behavior, attitudes, language, etc., of those around them","주변 사람들의 행동이나 태도에 동조하도록 하는 압력"
"performance","수행","one's actual ""doing"" of language in the form of speaking and writing (production) and listening and reading (comprehension), as opposed to competence","말하기, 쓰기, 듣기, 읽기 등 실제 언어를 행하는 것"
"performance-based assessment","수행 평가","assessment that typically involves oral production, written production, open-ended responses, integrated performance (across skill areas), group performance, and other interactive tasks; the test taker (or classroom student) must engage in actual performance of the specified linguistic objective","구두/작문 산출, 개방형 응답, 통합 수행 등을 포함하는 평가"
"perlocutionary force","발화 효과","the effect and importance of the consequences of communicative speech acts","의사소통적 화행의 결과가 가져오는 효과와 중요성"
"phrasal constraint","구 제약","medium-length phrases that have a basic frame with one or two slots that can be filled with various words (e.g., sincerely yours, municipal code)","빈칸을 채울 수 있는 기본 프레임을 가진 중간 길이의 구"
"phrasal verb","구동사","a combination of a verb with a preposition and/or adverb that often has a meaning that is different from that of the original verb (e.g., ook into)","동사가 전치사/부사와 결합하여 원래 동사와 다른 의미를 가지는 것"
"picture-cued items","그림 단서 문항","test questions in which a visual! stimulus serves to prompt a response or in which the test-taker chooses, among visuals, a response that correctly matches a spoken or written prompt","시각적 자극(그림)이 반응을 유도하는 시험 문제"
"piloting","예비 시행","before implementing a test, the process of trying it out with a sample group of test-takers who match the demographics of the targeted test-takers","시험 시행 전 표본 집단을 대상으로 미리 시험해 보는 과정"
"placement test","배치 고사","an assessment instrument specifically designed to determine test takers' levels of ability among two or more course levels in an educational program","수험자의 수준을 파악하여 적절한 코스 레벨에 배치하기 위한 시험"
"poly word","다단어","a short, fixed phrase that performs a variety of functions (e.g., bold your horses); a marker of disagreement","다양한 기능을 수행하는 짧고 고정된 어구"
"polytomous scoring","다분적 채점","assigning one or more scores to a response for partial credit because the response has differing levels of correctness","반응의 정답 수준이 다르기 때문에 부분 점수를 부여하는 방식"
"portfolio","포트폴리오","a collection of student work (e.g., from a course or writing assignment) that can be used to demonstrate effort, progress, and achievement in a given area or within a particular time frame","노력, 진전, 성취를 보여주기 위해 학생의 작업물을 모은 것"
"postmethod","탈교수법","a concept that arose around the turn of the twenty-first century that described the need to put to rest the limited concept of method as it was used in the previous century","제한된 교수법 개념을 넘어설 필요성을 설명하는 개념"
"practicality","실용도","(of a test) extent to which an instrument is within desirable financial limitations, time constraints, and ease of administration, scoring, and interpretation","시험이 비용, 시간, 시행 용이성 등 현실적 제약 내에 있는 정도"
"predictive validity","예측 타당도","the extent to which results of a test are used to gauge future performance; see validity","시험 결과가 미래의 수행을 얼마나 잘 예측하는지"
"prefabricated language","조립식 언어","ready-made sentence fragments and whole sentences learned as memorized chunks of language that may provide models for the creation of new sentences","암기된 덩어리로 학습된 기성 문장 조각이나 전체 문장"
"primary-trait scoring","주요 특질 채점","in a writing test, a single score indicating the effectiveness of the text in achieving its primary goal","작문 시험에서 텍스트가 주된 목표를 달성했는지를 나타내는 단일 점수"
"procedure","절차","a series of actions that are performed either by a teacher or students in a certain order during the lesson","수업 중 교사나 학생이 특정 순서로 수행하는 일련의 행동"
"process","과정","a progression of procedures (steps, stages, strategies, milestones) in learners' language development (versus the end product); attending to the procedures (steps, strategies, tools, abilities) used to comprehend or produce language; as opposed to product","학습자의 언어 발달에 있어 절차들의 진행 과정"
"product","결과물","the ultimate or end result of a set of learning efforts; for example, a final ""paper"" or the summation of abilities at the end of a course of study (versus the process of progressive achievement of that end); attending to the end result of a linguistic action (e.g., in writing, the ""final"" paper, versus the various steps involved in composing the paper); as opposed to process","일련의 학습 노력의 최종 결과"
"proficiency test","숙달도 평가","an assessment of one's general language ability, irrespective of any one course or curriculum","특정 코스와 무관한 전반적인 언어 능력 평가"
"project-based learning","프로젝트 학습","see experiential learning","(experiential learning 참조)"
"psychometric structuralism","심리측정 구조주의","a movement in language testing that seized the tools of the day to focus on issues of validity, reliability, and objectivity","타당도, 신뢰도, 객관성 문제에 집중했던 언어 평가의 흐름"
"real writing","실제 작문","the reader does not know the answer (to a question or problem) and genuinely wants information, as opposed to display writing; that is produced to convey meaning for an authentic purpose","독자가 답을 모르고 정보를 원하며, 실제 목적을 위해 의미를 전달하는 글쓰기"
"recasts","고쳐 말하기","a technique used in language teaching to correct learners' errors in such a way that communication is not obstructed","의사소통을 방해하지 않고 학습자의 오류를 수정하는 기법"
"receptive response","수용적 반응","see selective response","(selective response 참조)"
"redundancy","잉여성","the quality or state of being redundant","중복되거나 여분인 상태"
"referential question","정보 질문","request for information not known by the questioner","질문자가 모르는 정보를 묻는 질문"
"reformulation","재구성","to formulate (something) again and usually in a different way","다른 방식으로 다시 구성하여 말하는 것"
"register","사용역","a set of language variants commonly identified by certain phonological features, vocabulary, idioms, and/or other expressions that are associated with an occupational or socioeconomic group","특정 집단과 관련된 어휘, 특징 등으로 식별되는 언어 변이형"
"relative grading","상대 평가","see grading","(grading 참조)"
"reliability","신뢰도","(of a test) the consistency and dependability of an assessment instrument","평가 도구의 일관성과 신뢰성"
"restructuring","재구조화","process by which the components of a task are coordinated, integrated, or reorganized into new units, thereby allowing old components to be replaced by a more efficient procedure","과업의 구성 요소들이 새로운 단위로 통합되거나 재조직되는 과정"
"rhetorical formality","수사적 형식성","(in writing) organizational conventions in writing for connecting sentences, showing relationships, opening paragraphs, using subordination, and so on, that extend beyond the sentence level","문장 연결, 관계 표시 등 글쓰기의 조직적 관습"
"risk taking","모험 시도","willingness to gamble, to try out hunches about a language with the possibility of being wrong","틀릴 가능성을 무릅쓰고 언어에 대한 직감을 시도해 보려는 의지"
"role-play","역할극","giving a role to one or more members of a group and assigning an objective or purpose that participants must accomplish","구성원에게 역할을 부여하고 달성해야 할 목표를 주는 활동"
"roles","역할","functions or positions that a teacher or students have in a particular activity or in the classroom","교사나 학생이 특정 활동이나 교실에서 가지는 기능이나 위치"
"rote learning","기계적 학습","acquiring and storing information in discrete categories unrelated to existing cognitive structure (e.g., by memorization or repetition)","기존 지식 구조와 관련 없이 정보를 분리된 범주로 암기하는 것"
"rubrics","채점 기준표","specified categories, which break down a skill into several components, for scoring or evaluating language performance; statements that describe what a student can perform at a particular point on a rating scale; sometimes also called rating scales or band descriptors","언어 수행을 평가하기 위해 기술을 여러 요소로 나눈 구체적인 범주들"
"scaffolding","비계 설정","the process of supporting learners' progression toward goals by providing hints, clues, reminders, examples, steps to solving a problem, encouragement, and other aids","힌트, 단서 등을 제공하여 학습자의 목표 도달을 지원하는 과정"
"scanning","찾아 읽기","quickly searching for a particular piece or pieces of information in a text","텍스트에서 특정 정보를 찾기 위해 빠르게 훑는 것"
"schema theory","스키마 이론","the concept that information is stored in long-term memory in networks of connected facts, concepts, and structures, which learners bring to bear on comprehension and production of language","정보가 서로 연결된 사실, 개념, 구조의 네트워크로 장기 기억에 저장된다는 개념"
"schemata","스키마 (배경지식)","background information that a language user brings to bear on a text; background knowledge; cultural or world knowledge and experience","언어 사용자가 텍스트 이해에 동원하는 배경 정보"
"scoring, dichotomous","채점 (이분법적)","see dichotomous scoring","(dichotomous scoring 참조)"
"scoring, partial-credit","채점 (부분 점수)","see partial-credit scoring","(partial-credit scoring 참조)"
"second language","제2언어","(context) the target language is spoken outside the classroom, for example, Chinese (as the L2) in China (see foreign language context)","교실 밖에서도 목표어가 사용되는 환경 (예: 중국에서의 중국어 학습)"
"selective listening","선택적 듣기","a process in which test-taker must discern specified information with a limited quantity of aural input","제한된 입력에서 특정 정보를 식별해 내는 과정"
"selective response test","선택형 평가","items that require the test-taker to select rather than produce a response, such as true/false or multiple-choice items","수험자가 답을 산출하기보다 선택하도록 요구하는 시험"
"self-actualization","자아 실현","reaching the pinnacle of one's potential; the culmination of human attainment","잠재력의 정점에 도달하는 것; 인간 성취의 최고점"
"self-determination","자기 결정","one's own choice to make an effort because of what he or she will gain, either in the short term or long run","얻게 될 이익 때문에 노력을 기울이기로 스스로 선택하는 것"
"self-efficacy","자기 효능감","belief in one's own capabilities to perform a specific activity","특정 활동을 수행할 수 있다는 자신의 능력에 대한 믿음"
"self-regulation","자기 조절","deliberate goal-directed attempts to manage and control efforts to learn the L2","제2언어 학습 노력을 관리하고 통제하려는 의도적인 시도"
"semantic mapping","의미망 그리기","grouping ideas from a text into meaningful clusters, connecting those clusters in a visual diagram","텍스트의 아이디어를 의미 있는 묶음으로 그룹화하고 시각적으로 연결하는 것"
"sentence builder","문장 만들기","a phrase with one or two slots that can be filled with whole ideas to make a complete sentence (e.g., ""I think that X"")","완전한 문장을 만들기 위해 아이디어를 채울 수 있는 빈칸이 있는 구"
"sentence repetition","문장 따라하기","the task of orally reproducing part of a sentence or a complete sentence that has been modeled by a teacher or test administrator","교사가 들려준 문장이나 그 일부를 구두로 따라 하는 과업"
"Series Method","시리즈 교수법","language teaching method in which learners practiced a number of connected ""series"" of sentences, which together formed a meaningful story or sequence of events","연결된 일련의 문장들을 연습하는 언어 교수법"
"sheltered models","보호 수업 모형","the deliberate separation of L2 students from native speakers of the target language for the purpose of content instruction","내용 수업을 위해 제2언어 학생들을 원어민과 분리하여 가르치는 것"
"shifting","화제 전환","(of a topic) changing the subject in a conversation","대화에서 주제를 바꾸는 것"
"Silent Way","침묵식 교수법","a language teaching method that encouraged inductive learning, engaging in problem solving, and relating (mediating) physical objects to the new language","귀납적 학습, 문제 해결, 물리적 도구 사용을 장려하는 교수법"
"simulations","시뮬레이션","group role-plays or games in which characters and/or situations are created","캐릭터나 상황을 설정하여 수행하는 그룹 역할극이나 게임"
"situation analysis","상황 분석","a study of information about the target educational setting, characteristics of class, faculty, and students, governance of course content and materials, and assessment methods","목표 교육 환경, 수업, 교직원, 학생 특성 등에 대한 정보 연구"
"skimming","훑어 읽기","quickly running one's eyes across a whole text (such as an essay, article, or chapter) for its gist","글의 요점을 파악하기 위해 전체를 빠르게 훑어보는 것"
"social networking sites (SNSs)","소셜 네트워크 사이트","web-based communities such as Facebook and Twitter in which individuals can develop and maintain social ties, both online and offline, through participation in a multifaceted and multisensory environment","개인들이 사회적 유대를 형성하고 유지할 수 있는 웹 기반 커뮤니티"
"social responsibility","사회적 책임","the obligation to act to benefit society at large, to promote the collective and common good for all, and to perform so as to maintain a balance between the economy and the ecosystems","사회 전체에 이익이 되도록 행동할 의무"
"socioaffective strategies","사회정의적 전략","strategic options relating to social-mediating activity and interacting with others","사회적 중재 활동 및 타인과의 상호작용과 관련된 전략"
"specialized vocabulary","전문 어휘","technical terms or words that frequently occur in particular registers of language (e.g., legal language)","특정 사용역에서 빈번하게 등장하는 기술 용어나 단어"
"specifications (specs; test specs)","명세서","planned objectives, features, methods, and structure of a test","시험의 계획된 목표, 특징, 방법, 구조"
"SQ3R","SQ3R 독서법","a pedagogical set of procedures for approaching a reading text involving (in sequential order): survey, question, read, recite, review","훑어보기, 질문하기, 읽기, 암기하기, 검토하기의 순서로 텍스트에 접근하는 방법"
"standardized tests","표준화 검사","tests that presuppose certain standard objectives or performance levels","표준화된 목표나 수행 수준을 전제로 하는 시험"
"standards","기준 (성취기준)","specifications of curricular objectives, criterion levels, and/or cutoff points against which a student's test performance is evaluated; also known as benchmarks, frameworks of reference, and performance levels","학생의 수행을 평가하는 기준이 되는 교육 과정 목표, 준거 수준, 커트라인 명세"
"standards-based assessment","기준 중심 평가","measures that are used to evaluate student academic achievement and to show that students have reached certain standards","학생의 학업 성취도를 평가하고 특정 기준에 도달했음을 보여주는 측정 방법"
"stem","문두 (발문)","the stimulus or prompt for a multiple-choice question","선다형 문제의 질문이나 자극 부분"
"stimulus","자극","in behavioral learning theory, an agent that directly evokes a behavior (activity, emotion, thought, or sensory excitation)","행동주의 이론에서 행동을 직접적으로 유발하는 요인"
"strategic competence","전략적 능력","the ability to use communicative strategies to compensate for breakdowns and to enhance the rhetorical effect of utterances in the process of communication","의사소통 단절을 보완하거나 수사적 효과를 높이기 위해 전략을 사용하는 능력"
"strategic investment","전략적 투자","a certain degree of investment of one's time and effort into using effective strategies for accomplishing L2 goals","제2언어 목표 달성을 위해 효과적인 전략 사용에 시간과 노력을 투자하는 것"
"strategies-based instruction (SBI)","전략 중심 교수","teaching learners with an emphasis on the strategic options that are available for learning; usually implying the teacher's facilitating awareness of those options in the learner and encouraging strategic action","학습에 이용 가능한 전략적 선택을 강조하여 가르치는 것"
"strategy","전략","a specific method or technique for approaching a problem or task; a mode of operation for achieving a particular end; a planned design for controlling and manipulating certain information","문제나 과제에 접근하기 위한 구체적인 방법이나 기법"
"styles","양식 (스타일)","consistent and enduring tendencies or preferences within an individual; general characteristics of intellectual and emotional functioning that differentiate one person from another","개인 내의 일관되고 지속적인 성향이나 선호"
"subjective tests","주관식 평가","in which the absence of predetermined or absolutely correct responses require the judgment of the teacher to determine correct and incorrect answers","미리 정해진 정답이 없어 교사의 판단이 필요한 시험"
"subtechnical word","준전문 어휘","a word that occurs across a range of registers or subject areas","여러 분야나 사용역에 걸쳐 나타나는 단어"
"subtractive bilingualism","감산적 이중언어","contexts in which a target language is held in relatively high esteem while home, native, or heritage languages are devalued","목표어는 높이 평가받지만 모국어는 가치 절하되는 환경"
"Suggestopedia","암시 교수법","a language teaching method that contended that the human brain could process great quantities of material in a (suggested) state of relaxation and yielding control to the teacher","이완된 상태에서 뇌가 방대한 양의 정보를 처리할 수 있다고 주장한 교수법"
"summative assessment","총괄 평가","evaluation of the final products, performances, and usually end-of-course or end-of-unit overall evaluation","최종 결과물, 수행, 과정 종료 시의 전반적인 평가"
"superdiversity","초다양성","a diversification of diversity due to the multilateral flow of people, goods, and ideas across borders","국경을 넘는 사람, 물자, 아이디어의 다자간 흐름으로 인한 다양성의 심화"
"supply items","공급형 문항","response options from which a test-taker can choose (Note: This definition in text appears to be a copy-paste error repeating 'options'; typically supply items require producing an answer)","(텍스트상 정의는 선택지에서 고르는 것으로 되어 있으나, 통상적으로는 답을 써넣는 문항을 의미함)"
"syllabus","요목 (실라버스)","a curriculum; also specifications of topics, forms, assignments, and schedules for completion of a course","커리큘럼; 코스 완료를 위한 주제, 형식, 과제, 일정 등의 명세"
"systematicity","체계성","consistency and predictability in learner language","학습자 언어의 일관성과 예측 가능성"
"target tasks","목표 과업","uses of language in the world beyond the classroom that become the focus of classroom instruction","교실 수업의 초점이 되는 교실 밖 실제 세상에서의 언어 사용"
"task","과업","a classroom activity in which meaning is primary, there is a problem to solve, a relationship to real-world activities, and an objective that can be assessed in terms of an outcome","의미가 주가 되고, 해결할 문제와 실제 세계와의 연관성, 목표가 있는 교실 활동"
"task-based assessment","과업 중심 평가","assessments that involve learners in actually performing the behavior that one purports to measure; the test taker (or classroom student) must engage in actual performance of the specified linguistic objective","측정하려는 행동을 학습자가 실제로 수행하게 하는 평가"
"Task-Based Language Teaching (TBLT)","과업 중심 교수법","an approach to language instruction that focuses on tasks (see task)","과업에 초점을 맞춘 언어 교육 접근법"
"teacher-centered instruction","교사 중심 교육","the teacher controls everything; students speak only when spoken to","교사가 모든 것을 통제하는 교육 방식"
"teaching styles","교수 양식","particular preferences of a teacher's performance that reflects his or her personality, values, and beliefs and that can vary greatly from individual to individual","교사의 성격, 가치, 신념을 반영하는 교수 수행의 선호 방식"
"technical school","기술 학교","an institution dedicated to the occupation related training ranging from art, fashion design, and architecture, to carpentry, automotive mechanics, etc.","직업 관련 훈련을 전문으로 하는 기관"
"techniques","기법","any of a wide variety of exercises, activities, procedures, or tasks used in the language classroom for realizing lesson objectives","언어 교실에서 사용되는 다양한 연습, 활동, 절차, 과업"
"tension","긴장","a neutral concept that includes both dysphoric and euphoric effects in learning a forign language","외국어 학습에서 불쾌하거나 유쾌한 효과를 모두 포함하는 중립적 개념"
"terminal objective","최종 목표","final learning outcome","최종적인 학습 결과"
"termination","종료","(of a topic) in a conversation, strategies for ending the conversation","대화에서 대화를 끝내는 전략"
"test","시험","a method (usually an instrument) that systematically measures a person's ability or knowledge in a given domain","특정 영역의 능력이나 지식을 체계적으로 측정하는 방법(도구)"
"test-wiseness","시험 요령","knowledge of strategies for guessing, maximizing the speed, or otherwise optimizing test task performance","추측하기, 속도 높이기 등 시험 수행을 최적화하는 전략에 대한 지식"
"theme-based instruction","주제 중심 교수","an organizing framework for a language course that transcends formal or structural requirements in a curriculum and focuses on meaningful topics as organizing elements of units and lessons","형식적 요구를 넘어 의미 있는 주제를 중심으로 코스를 구성하는 틀"
"tokens","토큰 (어절)","(in a reading passage) all the separate words; as opposed to types","텍스트 내의 모든 개별 단어의 수 (types와 반대)"
"top-down processing","하향식 처리","activation of schemata to deriving meaning, global understanding, and interpretation of a text","텍스트의 의미 도출과 전반적 이해를 위해 스키마를 활성화하는 처리 방식"
"topic-based","화제 중심","see theme-based instruction","(theme-based instruction 참조)"
"Total Physical Response (TPR)","전신 반응 교수법","a language teaching method relying on physical or kinesthetic movement accompanied by language practice","언어 연습과 함께 신체적 움직임에 의존하는 교수법"
"trade school","직업 학교","see technical school","(technical school 참조)"
"transactional dialogue","정보 교환 대화","two or more speakers' exchanges to convey propositional or factual information","사실적 정보를 전달하기 위한 화자 간의 교환"
"transfer","전이","the carryover of previous performance or knowledge to previous or subsequent learning","이전의 수행이나 지식이 학습에 영향을 미치는 것"
"translanguaging","트랜스랭귀징","code-switching or translating in reading, writing, discussing, notetaking, or singing, a strategy in which bilingual students and teachers engage in multiple discursive practices in order to make sense of meanings and functions of target forms","의미 파악을 위해 다양한 담화 관행(코드 스위칭, 번역 등)을 사용하는 것"
"translingual","초언어적","meshing two or more languages in transformative ways, generating new forms, meanings, or uses through situated interactions","두 개 이상의 언어를 변형적인 방식으로 섞어 새로운 형태나 의미를 만들어내는 것"
"transnational","초국가적","reaching beyond the boundaries and interests of a single nation","단일 국가의 경계와 이익을 넘어서는 것"
"triangulation (of assessments)","삼각 검증","using two or more performances on an assessment, or two or more different assessments, to make a decision about a person's ability","개인의 능력을 판단하기 위해 둘 이상의 평가나 수행을 사용하는 것"
"turn-taking","발언권 교대","in a conversation, conventions in which participants allow appropriateopportunities for others to talk, or ""take the floor""","대화 참여자들이 서로 말할 기회를 주고받는 관습"
"types","유형 (이형태)","(in a reading passage) repeated words that are not counted; as opposed to tokens","(읽기 지문에서) 중복을 제외한 단어의 수 (tokens와 반대)"
"U-shaped learning","U자형 학습","the phenomenon of moving from a correct form to an incorrect form and than back to correctness","올바른 형태에서 틀린 형태로 갔다가 다시 올바른 형태로 돌아오는 현상"
"unitary trait hypothesis","단일 특성 가설","the position that vocabulary, grammar, the ""four skills,"" and other discrete points of language cannot be disentangled from each other in language performance","어휘, 문법, 4가지 기능 등이 서로 분리될 수 없다는 입장"
"uptake","업테이크 (수용)","a student utterance that immediately follows a teacher's feedback and that constitutes a reaction in some way to the teacher's intention to draw attention to some aspect of the student's initial utterance","교사의 피드백 직후에 나오는 학생의 반응적 발화"
"use","사용","meanings of utterances across different contexts and cohesion in discourse","다양한 맥락에서의 발화의 의미와 담화의 응집성"
"usefulness","유용성","(of a test) the extent to which a test accomplishes its intended objectives","시험이 의도한 목표를 달성하는 정도"
"validity","타당도","(of a test) the degree to which a test actually measures what it is intended to measure","시험이 측정하고자 하는 것을 실제로 측정하는 정도"
"Vocational English as a Second Language (VESL)","직업 목적 영어","see vocational L2 instruction","(vocational L2 instruction 참조)"
"vocational L2 instruction","직업 제2언어 교육","part of an adult education program that provides preemployment language training, typically including basic academic language skills along with specialized occupational contexts","취업 전 언어 훈련을 제공하는 성인 교육의 일부 (기본 학문 기술 및 전문 직업 맥락 포함)"
"voice","목소리 (주체성)","infusing one's words with one's own feelings, thoughts, and identity","자신의 말에 감정, 생각, 정체성을 불어넣는 것"
"washback","환류 효과","the effects, both beneficial and detrimental, of an assessment on teaching and learning prior to and after the assessment itself","평가가 교수와 학습에 미치는 (긍정적/부정적) 영향"
"Web 1.0","웹 1.0","use of the World Wide Web only to search for information and read it; the users of the tools are simply viewers of such content","정보를 검색하고 읽기만 하는 웹의 초기 형태"
"Web 2.0","웹 2.0","use of the World Wide Web in which social experience, in the form of blogs, wikis, or forums, plays a more important role than simply accessing information","단순 정보 접근보다 사회적 경험(블로그, 위키 등)이 중요한 역할을 하는 웹"
"weighting","가중치 부여","assigning a higher or lower value to an item based on its importance or difficulty","중요도나 난이도에 따라 항목에 더 높거나 낮은 가치를 부여하는 것"
"whole language education","총체적 언어 교육","an emphasis on the interconnections between oral and written language and the integration of all four skills","구어와 문어의 연결 및 4가지 기능의 통합을 강조하는 교육"
"willingness to communicate (WTC)","의사소통 의지","a state of readiness to engage in the L2, the culmination of processes that prepare the learner to initiate L2 communication with a specific person at a specific time","제2언어 의사소통을 시작할 준비가 된 상태"
"workplace L2 instruction","직장 내 언어 교육","tailoring language to the specific linguistic needs of carrying out one's duties ""on the job""","직무 수행에 필요한 구체적 언어 요구에 맞춘 교육"
"zone of proximal development (ZPD)","근접 발달 영역","the distance between a learner's existing developmental state and his or her potential development","학습자의 현재 발달 수준과 잠재적 발달 수준 사이의 거리"