Day,Word,Meaning (KR),Synonyms
1,exploit,(부당하게) 이용하다,"utilize, use, make use of, take advantage of"
1,account for,설명하다; 차지하다; 원인이 되다,"explain, justify, give a reason for; make up, comprise, constitute; cause"
1,particular,"특정한, 특별한","specific, special"
1,prominent,눈에 띄는; 중요한,"noticeable, conspicuous, outstanding, remarkable; important, leading, notable"
1,replenish,보충하다,"refill, restore, renew"
1,indigenous,토착의,"native, aboriginal"
1,pinpoint,정확히 찾아내다; 정확한,"locate exactly, clearly identify; precise, exact, accurate"
1,annihilate,전멸시키다,"destroy, completely remove, exterminate"
1,conversely,반대로,"on the other hand, contrarily"
1,investigate,조사하다,"examine, inquire into, look into"
1,assure,"확신시키다, 보장하다","convince, persuasion, satisfy, guarantee"
1,entire,"전체의, 전부의","whole, total, complete"
1,compensate for,~을 보상하다,"make up for, atone for, make amends for"
1,postulate,가정하다; 주장하다,"hypothesize, suppose; claim, propose"
1,magnify,확대하다,"enlarge, increase, amplify, intensify"
1,afford,"주다, 제공하다","give, offer, provide, grant"
1,conclusive,"결정적인, 확실한","definitive, final, enough to settle the issue, clear"
1,unsophisticated,"단순한, 복잡하지 않은","simple, uncomplicated, not complex"
1,justified,정당한,"right, legitimate, just, reasonable"
1,deliberate,"의도적인, 계획적인; 신중한","intentional, designed, planned; careful, cautious, thoughtful"
1,depend on,~에 의존하다,"rely on, count on"
1,substantiate,입증하다,"confirm, prove, authenticate, verify"
1,successively,잇따라서,"one after another, sequentially"
1,pervasive,"퍼지는, 만연하는","widespread, prevalent"
1,strenuous,"격렬한, 힘든","intense, arduous, laborious"
1,sleek,매끄러운,"smooth, silky"
1,invoke,"빌다, 기원하다","call upon, pray to, conjure"
1,impressive,"인상적인, 대단한","striking, remarkable"
1,conjunction,결합,"combination, union"
1,astoundingly,몹시 놀랍게도,"incredibly, surprisingly, shockingly, astonishingly"
1,aftermath,"여파, 결과","result, outcome, consequence, aftereffect"
1,promptly,"신속하게, 즉시","quickly, instantly, straightaway"
1,subdue,정복하다,"defeat, conquer, vanquish"
1,extant,현존하는,"surviving, in existence, existing, living, remaining"
1,sedentary,"주로 앉아 있는, 정착성의","stationary, settled"
1,eliminate,"없애다, 제거하다","get rid of, remove, discard"
1,perfect,"개선하다, 완벽하게 하다","refine, improve, develop"
1,genuine,진짜의,"true, real, authentic"
1,dominant,"우세한, 주요한","prevailing, prominent, supreme, chief, ruling"
1,unrivaled,비할 데 없는,"unequaled, unparalleled, matchless, peerless"
1,paradox,모순된 말,"contradiction, absurdity"
1,neglect,"무시하다; (해야 할 일을) 하지 않다, 잊다","ignore, disregard; fail, forget"
1,recall,"상기하다, 생각해내다","remember, recollect"
1,ascend,올라가다,"rise, climb, mount, go up"
1,solid,"확고한, 견고한","substantial, fixed, sturdy, robust"
1,contour,"윤곽, 외형",outline
1,inhabit,거주하다,"live in, occupy, dwell in"
1,irrevocably,돌이킬 수 없게,"permanently, irreversibly, irretrievably"
1,superficially,표면적으로,"apparently, not deeply, externally"
1,stunted,"발달이 저해된, 성장을 멈춘","underdeveloped, hindered, hampered"
1,malleable,두들겨 펼 수 있는,flexible
1,mean,"의미하다, 나타내다; 평균","signify, express, indicate; average"
1,exclude,"차단하다, 배제하다","keep out, leave out"
1,mature,성숙해지다,"get older, grow up, age"
1,pillar,기둥,"column, post"
1,encroachment,"잠식, 침입","invasion, intrusion"
1,no wonder,놀랄 일이 아닌,"unsurprisingly, unsurprising"
2,virtually,사실상; 거의,"in effect, essentially; almost, nearly"
2,unprecedented,"전례 없는, 새로운","unlike anything in the past, unique; novel, new"
2,grow accustomed to,~에 익숙해지다,become used to
2,intrigue,흥미를 끌다,"interest, fascinate, attract"
2,implausible,믿기 어려운,"unlikely, unbelievable, improbable"
2,decline,"쇠퇴, 쇠약; 줄다, 감소하다; 거절하다","weakening, decay; decrease, lessen, fall; refuse, reject"
2,contemporary,현대의; 동시대의,"modern, present-day, current; coexisting, concurrent"
2,allocate,"할당하다, 배정하다","distribute, allot; designate, earmark"
2,drastically,극심하게,"severely, strikingly, extremely"
2,heterogeneous,"잡다한, 혼성의","varied, assorted, mixed"
2,conspicuous,뚜렷한,"noticeable, clearly visible, prominent"
2,prolific,"다산의, 풍부한","fertile, fruitful, productive; abundant"
2,fluctuation,변동,"change, variation, variance"
2,encourage,촉진하다,"promote, prompt, motivate"
2,abrupt,갑작스러운,"sudden, sharp, unexpected"
2,evaluate,평가하다,"judge, assess, gauge, appraise"
2,comprehensive,종합적인,"thorough, complete, exhaustive"
2,engrave,새기다,"carve, incise, etch"
2,slight,"하찮은, 경미한","minor, small, trivial; mild"
2,monotonous,"단조로운, 지루한","unvaried; boring, tedious, dull"
2,regard,"생각하다, 간주하다","consider, think of, see"
2,obsession with,~에 대한 집착,"fixation on, preoccupation with"
2,optimize,최대한 잘 활용하다,make the best use of
2,supplant,대체하다,"replace, substitute, displace, supersede"
2,colossal,"거대한, 엄청난","enormous, monstrous, gigantic"
2,diffuse,퍼뜨리다,"spread, distribute, scatter"
2,mechanics,방법,procedure
2,susceptible to,~에 걸리기 쉬운,"likely to get, vulnerable to, prone to"
2,emanate,(향기 등이) 나다,"emerge, spring, originate"
2,conventionally,관례적으로,"customarily, traditionally"
2,expansive,"넓은, 광대한","large, broad, wide, extensive"
2,sporadically,이따금씩,"occasionally, at intervals, infrequently"
2,comparative,상대적인,relative
2,stamp out,근절하다,"eliminate, eradicate, extirpate"
2,stagnation,침체,"low growth, downturn"
2,innate,선천적인,"inborn, natural, native"
2,obsolete,쓸모없게 된; 쓰이지 않는,"out of date, outdated; unused"
2,specify,명시하다,"state, define, stipulate"
2,endure,견디다; 지속하다,"tolerate, survive, suffer, persevere; last, continue, persist"
2,conceivable,생각할 수 있는,"imaginable, thinkable, possible"
2,sufficiently,충분히,"adequately, amply, satisfactorily"
2,entail,(필연적으로) 수반하다,"involve, cause"
2,depict,묘사하다,"picture, portray, represent"
2,integration,통합,"union, unification"
2,stockpile,비축하다,"store up, save, reserve"
2,capture,붙잡다,"seize, catch, trap, grab"
2,landscape,풍경,"scenery, scene, view"
2,elaborately,정교하게,with great detail
2,autonomous,자율적인,"independent, self-determining"
2,boom,갑자기 번창하다,"flourish, thrive, prosper"
2,supremacy,우위,"dominance, predominance, ascendancy"
2,ravage,파괴하다,"destroy, demolish, devastate, ruin"
2,authority,"권위자, 대가","expert, master, specialist"
2,plug,"메우다, 채우다","fill up, stuff, pack"
2,discrepancy,불일치,"inconsistency, disparity, dissimilarity"
2,elucidate,명료하게 설명하다,"clarify, explain, make clear"
3,simultaneous,동시의,"concurrent, happening at the same time, synchronous"
3,vast,"광대한, 거대한","extensive, immense, great, huge, enormous"
3,reluctant,꺼리는,"unwilling, disinclined, loath"
3,conjecture,추측,"speculation, guess, supposition"
3,embed,박아 넣다,"fix, insert, implant, root"
3,vow,"서약, 맹세","pledge, promise, oath"
3,counter,반박하다,"oppose, act against, refute"
3,apparent,분명한; 외관상의,"clear, evident, obvious; seeming, exterior, superficial"
3,bombard,"폭격하다, 공격하다","strike, assail, attack"
3,reveal,"밝히다, 드러내다","make known, show, unveil, uncover, expose"
3,sturdy,튼튼한,"well-built, strong, robust, stalwart"
3,traditionally,"통상적으로, 관습적으로",typically
3,correspondingly,그에 상응하여,"similarly, likewise"
3,trigger,일으키다,"cause, generate, initiate, start, stimulate, activate"
3,vigorous,"강건한, 활기찬; 강력한","strong and healthy, energetic; forceful"
3,spontaneous,"자발적인; 무의식적인, 저절로 움직이는","voluntary, unprompted; automatic, unplanned, involuntary"
3,miniature,소형의,"small, tiny, diminutive"
3,commission,의뢰하다,"order, hire"
3,remarkable,"놀라운, 주목할 만한","extraordinary, incredible, notable, significant"
3,effort,노력,"attempt, endeavor, exertion"
3,manifestation,징후,"indication, sign, symptom, evidence"
3,prior,이전의,"previous, former, earlier"
3,cast about,찾아다니다,"seek, search, hunt"
3,rigorous,엄격한; 혹독한,"strict, severe, demanding, precise; harsh"
3,compulsory,"의무적인, 강제적인","obligatory, forced, required, necessary"
3,subsidiary,부수적인,"less important, auxiliary, subordinate"
3,status,"지위, 위신","standing, prestige, importance"
3,emphasize,강조하다,"stress, highlight, underline"
3,largely,대부분,"generally, mostly, mainly"
3,experimental,시험적인,"trial, tentative"
3,drain,물을 빼내다,"withdraw liquid gradually, remove water"
3,denote,"나타내다, 표시하다","indicate, signify, represent"
3,repudiate,거부하다,"reject, disclaim"
3,contradictory,모순되는,"inconsistent, paradoxical, conflicting"
3,propagate,"번식하다, 증식시키다","multiply, reproduce"
3,ensure,보장하다,"guarantee, assure, warrant"
3,pore,"작은 구멍; 자세히 보다, 응시하다","hole; stare, gaze"
3,alternate,번갈아 일어나다,"take turns, rotate, interchange"
3,devastating,파괴적인,"destructive, ruinous"
3,mingle with,~와 어울리다,"associate with, mix with, consort with"
3,continued,계속적인,"ongoing, constant, incessant, ceaseless"
3,attempt,시도하다,"try, seek, endeavor"
3,subterfuge,속임수,"trick, deception"
3,convert,바꾸다,"change, transform"
3,contention,논쟁,"debate, argument, disagreement"
3,migrate,이주하다,"move around, travel"
3,succession,연속,"sequence, series"
3,tentativeness,망설임,"hesitation, indecision"
3,fragmentary,단편적인,"incomplete, fractional, partial"
3,legendary,"유명한, 전설적인; 전설상의",famous; mythical
3,setback,패배,"defeat, reverse"
3,fine-tune,미세하게 조정하다,adjust slightly
3,enthusiastic,열광적인,"eager, ardent, zealous"
3,loose,느슨한,"not strict, relaxed, slack"
3,portrait,초상화,picture
3,terminology,전문 용어,"vocabulary, jargon, language"
4,readily,"손쉽게, 즉시; 기꺼이","easily, effortlessly, quickly; willingly, without reluctance"
4,advocate,지지하다; 지지자,"promote, speak in favor of, argue in support of; proponent, supporter, upholder"
4,utterly,완전히,"completely, totally"
4,abound,"아주 많다, 풍부하다","overflow, teem, be plentiful, be numerous"
4,formidable,"어마어마한, 경외감을 일으키는; 만만치 않은, 감당하기 어려운",impressive; difficult to handle
4,enormous,거대한,"huge, very large, great, immense, vast, tremendous"
4,disband,해산시키다,"dismiss, disperse, break up"
4,alleged,추정의,"supposed, assumed"
4,renowned,유명한,"famous, celebrated, prominent, eminent"
4,versatile,"융통성 있는, 다방면의","adaptable, flexible"
4,prohibitive,값이 엄청나게 비싼,"unaffordable, extreme, exorbitant"
4,option,선택(권),"choice, selection"
4,inherent,"타고난, 본래의","innate, built-in, essential, congenital"
4,justly,"공정하게, 정당하게","rightfully, justifiably, lawfully"
4,provoke,불러일으키다,"incite, bring about, give rise to"
4,impermeable,"침투되지 않는, 통과시키지 않는","impenetrable, impervious"
4,momentous,중대한,"significant, major, meaningful, substantial"
4,forestall,미연에 방지하다,"prevent, hinder, avert"
4,therefore,그 결과,"consequently, as a result, thus, hence"
4,persuade,설득하다,"convince, induce"
4,proximity,가까움,"closeness, nearness"
4,dependable,신뢰할 수 있는,"reliable, trustworthy"
4,ensuing,"뒤이은, 다음의","subsequent, following, succeeding"
4,appreciably,상당히,"noticeably, significantly, considerably"
4,obligate,"의무를 지우다, 강요하다","force, coerce, compel, constrain"
4,wholesale,"대규모의; 모조리, 통틀어서","extensive, mass; completely"
4,dweller,거주자,"inhabitant, resident, occupant"
4,tacit,"무언의, 암묵적인","implicit, implied, unspoken"
4,resolve,해결하다,"settle, find a solution for, solve"
4,merit,(칭찬할 만한) 가치,"value, worth, virtue"
4,notion,"개념, 견해","concept, general idea, opinion, view"
4,synthesize,통합하다,"integrate, combine, coalesce"
4,spectrum,범위,"range, scope, extent"
4,stream,흐름,"flow, current"
4,rupture,"파열되다, 터지다; 불화","burst, break apart, split, tear; breach, discord"
4,presuppose,(미리) 가정하다,"assume, suppose, presume"
4,well-to-do,부유한,"wealthy, affluent, rich"
4,appeal,간청하다,"plead, request, ask, beg"
4,accurately,정확하게,"correctly, precisely, exactly"
4,fastidious,까다로운,"demanding, choosy"
4,contraction,"감소, 축소","reduction, diminution"
4,stimulus,자극(제),"impetus, motivation, incentive, incitement"
4,track,"뒤쫓다, 추적하다","follow, chase, monitor"
4,tame,길들이다,"domesticate, train"
4,install,설치하다,"put in place, set up, position"
4,chronicle,"기록, 연대기","record, history"
4,novel,"새로운, 신기한","new, innovative, unusual"
4,isolated,외딴,"remote, solitary, secluded"
4,exposed,"드러난, 노출된","visible, revealed, uncovered"
4,intermingled,섞인,"mixed, combined, blended"
4,succulent,즙이 많은,"juicy, pulpy"
4,homogeneous,"동종의, 균질의","unvarying, akin"
4,era,시대,"period, epoch, age"
4,threat,위협,"threat, intention to harm, menace"
4,foul,더럽히다,"pollute, contaminate"
4,prey,희생자,victim
4,practically,거의,nearly
5,compelling,설득력 있는,"convincing, persuasive, cogent"
5,ultimately,"마침내, 결국","eventually, finally, in the end, lastly"
5,bulk,"큰 규모, 대량; 대부분","mass, large quantity, great quantity; majority, main part"
5,incompatible,양립할 수 없는,"in conflict, discrepant, contradictory"
5,substantially,상당히; 대체로,"significantly, considerably; largely, mainly"
5,seek,"찾다, 조사하다; 시도하다, 노력하다","look for, search for, pursue; attempt, try, essay"
5,unanticipated,예상하지 못한,"not expected, unforeseen"
5,merge,"합치다, 융합하다","combine, blend, fuse"
5,encounter,"마주치다, 부닥치다","meet (with), experience, confront, face"
5,residue,잔여물,"remains, remnant, remainder"
5,circumstance,상황,"condition, situation"
5,astonishing,"놀라운, 눈부신","incredible, amazing, startling, astounding"
5,intermittently,간헐적으로,"occasionally, periodically, from time to time"
5,application,"응용, 이용","use, utilization, employment"
5,predominant,"주된, 주요한","principal, main, primary, leading"
5,remote,멀리 떨어진,"distant, secluded, removed"
5,inordinate,과도한,"excessive, exorbitant, undue"
5,launch,시작하다,"start, begin, initiate, commence"
5,trend,"경향, 추세","tendency, inclination, direction"
5,embodiment,"전형, 구체화된 것","concrete example, epitome"
5,colonize,(동·식물이) 서식하다; 식민지화하다,"inhabit, populate; conquer"
5,affect,영향을 미치다,"influence, impact, act on"
5,speculation,추측,"supposition, conjecture, surmise"
5,compound,"(정도를) 더하다, 악화시키다","add to, intensify, worsen"
5,fascinating,매혹적인,"extremely attractive, captivating, enthralling"
5,constellation,"(유사한 것들의) 모임, 무리","collection, combination, group"
5,unconsolidated,굳지 않은,"loose, incoherent"
5,outstanding,"뛰어난; 미지불의, 처리되지 않은","excellent, remarkable, prominent; unpaid, unsettled, owing"
5,outcome,결과,"result, consequence, conclusion"
5,document,"문서, 기록","record, report, paper"
5,intrinsically,본질적으로,"fundamentally, essentially"
5,disputatious,논쟁을 좋아하는,"contentious, argumentative, quarrelsome"
5,diverse,"다양한, 다른","varied, various, manifold, dissimilar"
5,eerie,기묘한,"odd, strange"
5,tenuous,빈약한,"weak, insubstantial"
5,eradicate,근절하다,"(completely) remove, root up, extirpate, eliminate"
5,prone to,~하기 쉬운,"susceptible to, likely to get"
5,lodge,박히다,"embed, implant"
5,gather momentum,탄력이 붙다,"make progress, gain impetus"
5,viable,생존 가능한,able to survive
5,impediment,장애물,"obstacle, obstruction, barrier"
5,arid,메마른,"dry, barren, sterile, waterless"
5,credible,믿을 수 있는,"believable, reliable, plausible"
5,vacate,"떠나다, 비우다","abandon, evacuate, void"
5,cushion,"보호하다, 충격을 완화하다","protect, buffer"
5,peculiar,"특유의, 독특한; 이상한","unique, distinct, particular; strange, unusual, odd"
5,attributable to,~에 기인하는,"caused by, ascribable to"
5,enact,(법률 등을) 제정하다,"make into law, establish, pass, adopt"
5,stratified,층으로 이루어진,layered
5,with regard to,~에 관하여,"in terms of, with respect to, concerning"
5,turbulent,격동하는,"violent, agitated, tumultuous"
5,appraisal,평가,"evaluation, assessment, estimation"
5,erroneous,잘못된,"wrong, incorrect, mistaken, false"
5,proponent,지지자,"supporter, advocate, adherent, partisan"
5,absolute,"절대적인, 완전한","unqualified, complete, utter"
5,gratify,"만족시키다, 기쁘게 하다","satisfy, please"
6,disperse,흩어지게 하다; 퍼뜨리다,"scatter, dissipate; spread, disseminate"
6,adjacent,인접한,"nearby, neighboring, adjoining"
6,sequence,연속; 순서,"progression, series, string, succession; order"
6,detect,"발견하다, 인지하다","discover, find, identify, recognize, sense"
6,flexible,유연한; 적응성 있는,"pliable, bendable; adaptable, adjustable"
6,surpass,능가하다,"exceed, outrun, excel"
6,invariable,변함없는,"constant, consistent, unchanging"
6,dramatic,"극적인, 인상적인","striking, significant, impressive"
6,master,습득하다; 제어하다,"learn thoroughly, acquire; control, manage"
6,assimilate,"(지식 등을) 흡수하다, 이해하다","absorb, take in, digest"
6,overwhelming,"압도적인, 굉장한","powerful, enormous, compelling, tremendous"
6,curious,"호기심이 강한; 이상한, 별난","inquisitive, questioning; strange, mysterious, extraordinary"
6,alteration,"변화, 수정","change, modification"
6,consequence,결과; 중요성,"result, effect, outcome; importance, significance"
6,deceive,속이다,"mislead, delude, cheat"
6,ample,"넓은, 광대한; 풍부한","sizable, large, spacious, vast; plentiful, abundant"
6,resilient,금방 회복하는,"quick to recover, easy to recover"
6,detach,분리하다,"separate, disconnect, disengage"
6,account,"기술, 보고","description, report, narrative"
6,equilibrium,균형,"balance, symmetry"
6,surmise,추측하다,"infer, guess, speculate, suspect"
6,unsuitable,적합하지 않은,"inappropriate, unfit, improper"
6,imaginative,창의적인,"creative, inventive, original"
6,imposing,인상적인,"impressive, striking"
6,vitality,활력,"energy, liveliness, vigor"
6,vehicle,"수단, 매체","means, medium, instrument"
6,hitherto,지금까지,"previously, so far, until now"
6,plague,괴롭히다,"cause a problem for, bother, annoy"
6,domain,영역,"area, field"
6,indifferent,무관심한,"uninterested, unconcerned, careless"
6,champion,옹호하다,"support, promote, advocate, endorse"
6,deteriorate,악화되다,"get worse, degenerate"
6,assault,"폭행하다, 공격하다","attack, aggress, assail"
6,appropriate,적절한,"suitable, proper, applicable"
6,adept,능숙한,"skillful, proficient, deft, adroit"
6,indeed,사실은,"in truth, in fact"
6,pursuit,"취미, 오락","interest, pastime, hobby"
6,incite,자극하다,"stimulate, provoke, inflame, spur"
6,guarantee,보장하다,"ensure, secure, warrant"
6,prosperity,번영,"economic well-being, wealth, fortune"
6,primarily,"주로; 원래, 처음에","mostly, mainly, chiefly; originally, at first, initially"
6,erupt,폭발하다,"explode, burst, blow up"
6,trace,"자취, 흔적","evidence, vestige, mark"
6,prestigious,명성이 있는,"highly regarded, esteemed, respected"
6,shape,형성하다,"affect, form, influence"
6,inflict,"주다, 가하다","cause, administer, exact"
6,portion,부분,"part, segment, fragment"
6,coincidence,우연의 일치,chance happening
6,propel,몰아대다,"push, force, drive, impel"
6,thoroughly,"철저히, 완전히","completely, entirely"
6,contemplate,곰곰이 생각하다,"consider, ponder"
6,unethical,비윤리적인,"improper, immoral"
6,replicate,"모사하다, 복제하다","reproduce, copy, duplicate"
6,hasty,"황급한, 서두르는","hurried, rushed"
6,representative,"나타내는, 전형적인","indicative, typical, exemplary"
6,range,범위,"scope, spectrum, extent"
7,considerable,상당한; 중요한,"substantial, large; meaningful, significant"
7,dominate,지배하다; 압도적으로 우세하다,"control, govern, rule; be widespread in"
7,ratio,비율,"proportion, rate, percentage"
7,duplicate,복제하다; 되풀이하다,"copy, reproduce, imitate; repeat"
7,barely,거의 ~않게; 간신히,"hardly, scarcely; just, only just"
7,strew,흩뿌리다,"scatter, sprinkle, disperse"
7,legitimately,"합법적으로, 정당하게","properly, lawfully, legally"
7,encapsulate,요약하다,"summarize, sum up, condense"
7,relatively,비교적으로,"comparatively, by comparison"
7,hazard,위험,"risk, danger, peril, jeopardy"
7,paramount,"최고의, 중요한","supreme, prime, chief"
7,unwieldy,(크기·무게 때문에) 다루기 힘든,"difficult to manage, awkward"
7,subsequent,그 다음의,"succeeding, following, later"
7,striking,현저한,"noticeable, remarkable, attention-getting"
7,extended,장기간에 걸친,"long-lasting, prolonged"
7,ephemeral,단명하는; 덧없는,short-lived; temporary
7,rigid,"엄격한; 굳은, 경직된","strict, exact, rigorous; stiff, hard, firm"
7,chief,주요한,"major, main, primary, principal"
7,severity,심함,seriousness
7,typical of,~을 대표하는,"characteristic of, representative of"
7,enable,가능하게 하다,"allow, permit, facilitate"
7,empirical,"실험상의, 실험에 의한","based on observation, experimental"
7,controversy,논쟁,"dispute, debate, disagreement, contention"
7,accomplish,성취하다,"achieve, execute, work out"
7,set,고정된; 놓다,"fixed, settled; situate, place, put"
7,lag,지연,delay
7,exude,(액체·냄새 등을) 발산하다,"give off, release, emit"
7,interplay,상호 작용,"interaction, reciprocity"
7,precede,~에 앞서다,"come before, antecede, forerun"
7,manipulation,조작,deliberate alteration
7,dry,건조한,"arid, rainless, parched"
7,assist with,~을 돕다,"help with, aid, support"
7,acute,극심한,"severe, intense, extreme"
7,article,물품,"object, item, article"
7,scrutiny,정밀 검사,"close observation, examination, inspection"
7,recompense,보상,"repayment, compensation"
7,reflect,나타내다; 숙고하다,"show, indicate, demonstrate; meditate, think, ponder"
7,immeasurably,대단히,"greatly, extremely"
7,rudiments,"기초, 기본","basics, elements, fundamentals"
7,mortality,사망,death
7,awkward,서투른,"clumsy, unskillful"
7,constrain,강요하다; 억제하다,"oblige, bind, force; inhibit, restrain, restrict"
7,turmoil,"소란, 동요","unrest, agitation, stir"
7,property,특성; 재산,"characteristic, character, quality; estate, possession"
7,fuel,연료를 공급하다; 자극하다,give energy to; encourage
7,majestic,"위엄 있는, 웅대한","magnificent, grand, august"
7,preeminent,뛰어난,"outstanding, distinguished, foremost"
7,crude,가공하지 않은,"rough, primitive, raw, unrefined"
7,variety,다양성; 종류,"diversity, multiplicity; type, species, sort"
7,typically,보통,"usually, normally, ordinarily"
7,supplementary,추가의,"additional, extra"
7,reduce,감소시키다,"decrease, diminish, cut"
7,subject,피실험자; (싫은 일 등을) 겪게 하다,participant; expose
7,flee,도망치다,"run away from, escape, abscond"
8,furthermore,게다가,"in addition, moreover"
8,proliferate,증식하다,"multiply, become numerous"
8,assess,평가하다,"evaluate, estimate, judge, appraise"
8,spur,자극; 자극하다,"stimulus, incitement, incentive; stimulate, prompt"
8,eclectic,"(취미·의견 등이) 폭넓은, 다방면의","diverse, various, manifold"
8,crucial,"결정적인, 중대한","decisive, important, essential, vital"
8,intricate,복잡한,"complex, complicated, elaborate"
8,palatial,"웅장한, 대궐 같은","magnificent, grand, majestic, splendid"
8,potent,(영향 등이) 강력한,"powerful, strong, influential"
8,extract,"끌어내다, 뽑아내다","draw, derive, remove"
8,course through,흐르다,run through
8,criterion,기준,"standard, measure, norm"
8,enjoy,즐겁게 경험하다,experience
8,inadvertently,무심코,"unintentionally, accidentally, unwittingly"
8,peril,위험,"danger, jeopardy, hazard"
8,arduous,힘든,"difficult, strenuous, laborious"
8,feat,위업,"achievement, accomplishment, exploit"
8,friction,"마찰, 불화","conflict, clash, discord, strife"
8,materialize,나타나다,"appear, emerge, loom"
8,regulate,조절하다,"adjust, control"
8,demise,"종말, 몰락","end, fall, collapse, downfall"
8,frankly,솔직히,"honestly, openly, truthfully"
8,immensely,굉장히,"extremely, excessively, incredibly"
8,deem,"생각하다, 여기다","consider, regard, believe"
8,consumption,"소비, 소모","use, utilization"
8,suspend,매달다,"hang, dangle, swing"
8,prevent,"막다, 방해하다","preclude, avoid, impede, avert"
8,authentic,진짜의,"genuine, true, real"
8,redundant,"불필요한, 장황한","superfluous, unnecessary; wordy, repetitious"
8,profuse,풍부한,"abundant, plentiful, copious"
8,ornament,장식하다,"decorate, adorn, embellish"
8,demolish,파괴하다,"destroy, wreck"
8,voracious,"만족할 줄 모르는, 탐욕적인","insatiable, greedy, gluttonous"
8,as well as,~뿐만 아니라,"in addition to, not to mention"
8,extreme,극심한; 지나친,"intense, severe; excessive"
8,reform,개혁; 개선하다,"betterment; amend, improve"
8,determinant,결정 요인,"cause, factor"
8,inclination,"경향, 기호","tendency, trend; preference, taste"
8,inflation,팽창,"expansion, swelling, enlargement"
8,routine,"틀에 박힌, 평범한","ordinary, normal, conventional"
8,accessible,"접근할 수 있는, 얻을 수 있는","reachable, obtainable"
8,constituent,구성 요소의,"component, elemental"
8,insolent,무례한,"impertinent, impudent, rude"
8,to be sure,틀림없이,"certainly, definitely, surely"
8,broadly,대체로,"generally, mostly"
8,echo,울리다; 반향하다; 흉내 내다; 되풀이하다,"reflect, resound; imitate; repeat"
8,shoddy,질이 떨어지는,"inferior, poor"
8,gear,맞게 조정하다,"adjust, adapt, change"
8,absorb,흡수하다,"take in, imbibe, soak up"
8,whereby,(그것에 의하여) ~하는,"through which, by which"
8,assemble,모으다,"gather together, collect"
8,liberate,해방하다,"free, release, loosen"
8,rational,합리적인,"logical, sensible, reasonable"
8,resistance,"반대, 저항","opposition, objection"
8,indefinite period,무기한,a period whose end has not been determined
8,ardent,열렬한,"enthusiastic, passionate, fervent"
8,extinct,멸종된,"having died out, defunct"
8,be accompanied by,~을 동반하다,occur together with
8,overestimated,과대평가된,bigger than actual value
9,initiate,시작하다,"start, begin, originate, commence"
9,tremendous,엄청난,"great, large, gigantic, huge"
9,breakthrough,큰 발전,"advance, progress"
9,cope with,~에 대처하다; ~을 다루다,"deal with, manage, handle"
9,inducement,"유인(책), 장려","incentive, incitement, lure"
9,irreversible,돌이킬 수 없는,"irreparable, irrevocable, irremediable"
9,comprise,포함하다; ~으로 구성되다,"include, encompass; consist of, be composed of"
9,culmination,"정점, 최고조","high point, apex, pinnacle"
9,allegiance,충성,"loyalty, fidelity, commitment"
9,notable,주목할 만한; 중요한,"remarkable, outstanding; important"
9,idiosyncrasy,"특징, 이상한 점","peculiarity, eccentricity, oddity"
9,minute,아주 작은,"tiny, very small, diminutive"
9,markedly,현저하게,"significantly, noticeably, considerably"
9,phenomenon,"현상, 사건","occurrence, incident"
9,disseminate,퍼뜨리다,"spread, disperse, distribute"
9,current,현재의,"present, existing"
9,detrimental,해로운,"harmful, injurious, damaging, pernicious"
9,presume,"~이라고 생각하다, 추정하다","believe, accept as true"
9,anarchy,"무질서, 혼란","disorder, chaos, disorganization"
9,snake,구불구불 가다,"wind, meander, curve, twist"
9,sophisticated,"정교한, 고도로 발달한","complex, highly developed"
9,derive,유래하다; 얻다,"originate, trace; obtain, gain"
9,sole,유일한,"only, single, solitary"
9,embellish,장식하다,"decorate, adorn, beautify, ornament"
9,antagonize,"~의 반감을 사다, 대항하다","anger, aggravate; counteract"
9,yearn,갈망하다,"long, desire, crave, pine"
9,permit,허락하다,"allow, let, approve"
9,scarcity,부족,"lack, shortage, insufficiency, deficiency"
9,renounce,"포기하다, 버리다","give up, reject, relinquish"
9,keep in check,"제어하다, 억제하다","limit, control, restrict, restrain"
9,subsistence,생존,"survival, existence, living"
9,annually,매년,"each year, yearly, every year"
9,emerge,나타나다,"appear, loom, spring up, develop"
9,customary,"습관적인, 관례적인","habitual, traditional, typical, accustomed"
9,widely,널리,"extensively, broadly"
9,assign,지정하다,"specify, designate, appoint"
9,equivocal,모호한,"ambiguous, vague, obscure, uncertain"
9,release,석방하다; 방출하다,"free, liberate, loose; emit, exude"
9,essentially,"기본적으로, 본질적으로","basically, fundamentally, primarily"
9,oversee,감독하다,"supervise, control, superintend"
9,rapidly,"급속히, 빨리","quickly, fast"
9,acknowledge,인정하다,"recognize, admit, accept"
9,rough,울퉁불퉁한; 거친,"uneven, rugged, bumpy, coarse"
9,preclude,막다; 배제하다,"prevent, stop, hinder; rule out, exclude"
9,portable,휴대용의,"able to be carried, mobile, movable"
9,presumable,"그럴듯한, 있음직한","probable, likely, possible"
9,calculatedly,계획적으로,"deliberately, intentionally, knowingly"
9,deviation,일탈,"departure, divergence, aberration"
9,hairline,아주 가느다란,"slight, thin"
9,formulate,고안하다; 명확히 말하다,"develop, devise, forge; state, specify"
9,astute,"통찰력 있는, 영악한","insightful, shrewd, clever, sharp"
9,reliable,신뢰할 수 있는,"dependable, trustworthy, credible"
9,take precedence over,~보다 우선하다,"be more important than, come before"
9,allusion,"(간접적인) 언급, 암시","reference, mention, implication, suggestion"
9,locomotion,이동 능력,"movement, motion"
9,principally,주로,mainly
9,rebellion,반란,"uprising, revolt"
9,revive,"회복하다, 소생하다",recover
10,modify,"바꾸다, 조정하다","change, alter, adjust, adapt"
10,initially,처음에,"at first, originally, primarily"
10,critical,"중요한; 위독한, 위험한","important, crucial, essential; dangerous, risky"
10,luminous,빛나는,"brilliant, bright, shining, glowing"
10,facilitate,용이하게 하다,"ease, make easy, help, assist, aid"
10,refinement,개선,"small improvement, advancement, enhancement"
10,attribute,특성; ~의 탓으로 돌리다,"characteristic, trait, quality, property; ascribe, credit, impute"
10,belch,분출하다,"suddenly emit, discharge, erupt, vent"
10,underrate,과소평가하다,"undervalue, underestimate, belittle"
10,immense,거대한,"large, enormous, huge, tremendous"
10,virtue,미덕; 장점,"goodness; merit, desirable quality, strength"
10,bustling,"붐비는, 떠들썩한","busy, lively"
10,distinct,다른; 별개의; 뚜렷한,"different, separate, discrete; definite, clear"
10,thriving,번영하는,"prosperous, successful, flourishing"
10,obvious,분명한,"evident, clear, apparent, conspicuous"
10,exceptional,이례적인,"extraordinary, abnormal, unusual"
10,cumbersome,다루기 힘든,"difficult to handle, burdensome, awkward"
10,boon,"큰 이익, 혜택","great benefit, advantage"
10,optimum,최고의,"best, most favorable, supreme"
10,uniformly,"균일하게, 한결같이","evenly, regularly, consistently"
10,unleash,(속박을) 풀다,"release, unloose"
10,acquire,얻다,"obtain, gain, procure, earn"
10,enigma,수수께끼,"mystery, puzzle, riddle"
10,steadfast,"변함없는, 단호한","unwavering, firm, enduring, resolute"
10,dainty,"우아한, 섬세한","delicate, exquisite, refined"
10,anomaly,"이례적인 것, 예외","irregularity, abnormality, exception"
10,splendid,멋진,"marvelous, magnificent"
10,rapport,(친밀한) 관계,"bond, relationship, link, tie"
10,question,~에 대해 이의를 제기하다,"take a critical look at, dispute"
10,scatter,뿌리다,"disperse, dissipate, distribute, spread out"
10,escalate,"확대되다, 증대하다","intensify, increase, mount, rise"
10,temporary,일시적인,"short-lived, makeshift, transitory"
10,attest,"증명하다, 입증하다","confirm, support, prove"
10,fortify,강화하다,"strengthen, replace"
10,remove,제거하다,"eliminate, extract, withdraw"
10,end,"목적, 목표","purpose, goal, aim"
10,plentiful,풍부한,"abundant, bountiful, rich"
10,make it,(제시간에) 도착하다,arrive
10,devastate,완전히 파괴하다,"destroy, demolish, ravage, ruin"
10,eminently,"대단히, 현저히","exceptionally, highly, extremely"
10,subtraction,"삭감, 공제","decrease, deduction, reduction"
10,as a rule of thumb,"경험적으로 보아, 대개",in general
10,blur,흐리게 하다,"make less distinct, obscure, cloud"
10,relay,전달하다,"transfer, communicate, transmit, impart"
10,expandable,확장할 수 있는,"able to be enlarged, extendable"
10,scrupulous,"세심한, 꼼꼼한; 양심적인","careful, fastidious, meticulous; honest, moral"
10,approximately,대략,"about, roughly, nearly"
10,paradoxical,역설적인,"seemingly contradictory, ironic"
10,source,"근원, 기원","origin, beginning, derivation"
10,adhere,"부착되다, 달라붙다","stick, cleave, cling"
10,available,구할 수 있는,"accessible, obtainable"
10,get rid of,~을 없애다,"eliminate, remove, dispose of"
10,repel,물리치다,"drive away, beat off"
10,maximize,극대화하다,increase to the greatest possible degree
10,outermost,가장 바깥의,"farthest away, farthest, most remote"
10,bind,묶다,"tie, fasten"
10,visible,"눈에 띄는, 명백한",perceptible
11,plausible,그럴듯한,"possible, believable, likely, probable"
11,transform,변형시키다; 바꾸다,"convert, change, alter"
11,counterpart,"쌍을 이루는 한 쪽, 동등한 것",complement; equivalent
11,nevertheless,그럼에도 불구하고,"in spite of that, however, still, yet, nonetheless"
11,pronounced,현저한,"notable, striking, marked, significant, noticeable, distinct, strong"
11,celebrated,유명한,"famous, renowned, well-known"
11,exceedingly,대단히,"highly, extremely, excessively, hugely"
11,chancy,위험한,"risky, perilous, dangerous"
11,vertical,수직의,"upright, up-and-down, erect"
11,persist,지속되다,"continue, last, endure, remain"
11,magnitude,"규모, 정도","extent, size, degree, measure, amount"
11,discern,"파악하다, 알아내다","identify, detect, distinguish"
11,generate,만들어 내다,"produce, create"
11,eccentric,"별난, 특이한","unusual, bizarre, peculiar, odd"
11,alternative,"대안이 되는, 다른; 대안, 선택권","substitutive, different; substitute, choice, option"
11,strategy,"전략, 방법","plan, method, scheme"
11,refine,개선하다,"improve, perfect"
11,precious,귀중한,"valuable, dear, priceless"
11,subtle,"미묘한, 감지하기 어려운","hard to recognize, hardly perceived, slight"
11,conducive to,~에 도움이 되는,"favorable to, helpful for, beneficial to"
11,preoccupied with,~에 몰두한,"concentrated on, absorbed in, immersed in"
11,swift,재빠른,"quick, speedy, fleet"
11,menace,위협하다,"threaten, intimidate, frighten"
11,akin to,유사한,"similar to, like"
11,expend,(시간·에너지 등을) 쓰다,"use, use up, spend, consume"
11,belittle,경시하다,"disregard, underestimate"
11,commend,칭찬하다,"admire, praise, compliment"
11,sue,고소하다,"take a strong legal action against, charge"
11,innovation,"혁신, 새로 도입한 것","new development, novelty, new idea"
11,fragmentation,"붕괴, 분열","destruction, disintegration, disruption"
11,mainly,주로,"principally, generally, primarily, chiefly"
11,sufficient,충분한,"enough, adequate, ample"
11,abnormally,"이례적으로, 이상하게","unusually, oddly, exceptionally, atypically"
11,barrier,"장벽, 장애물","bar, obstacle, obstruction"
11,gigantic,거대한,"huge, immense, colossal"
11,reproduce,"복제하다, 모사하다; 번식하다","copy, duplicate, imitate; breed, multiply, propagate"
11,allow,허락하다,"enable, permit, let"
11,penetrate,꿰뚫다,"pierce, go through, enter"
11,device,"장치, 기구","mechanism, apparatus, appliance"
11,divergent,"다른, 갈라지는","varying, different, dissimilar"
11,flaw,결점,"defect, fault, blemish, shortcoming"
11,buffer,"완화하다, 보호하다","protect, cushion"
11,refute,논박하다,"disprove, rebut, prove false"
11,domestic,가정의,"household, home, family"
11,on the spur of the moment,충동적으로,"without planning, on impulse"
11,temperate,온화한,"moderate, mild, clement"
11,consistent with,~와 일치하는,"in agreement with, congruent with"
11,splendor,"장려함, 화려함","magnificence, grandeur, majesty"
11,prosper,"번창하다, 성공하다","succeed, flourish, thrive"
11,brew,일어나려고 하다,"develop, loom, be on the way"
11,persevere,인내하며 계속하다,"continue, carry on, persist"
11,bias,편견,prejudice
11,administer,관리하다; 투여하다,"manage, supervise, conduct; give, provide"
11,groundless,근거 없는,"unfounded, baseless"
11,arouse,자극하다,"stimulate, provoke, incite"
11,occupy,끌다,"engross, engage, absorb"
11,virtual,사실상의,almost complete
11,unexplored,다루어지지 않은,uncovered
11,tuned to,~와 일치된,in agreement with
12,duration,기간,"span, length, term"
12,massive,"대규모의, 거대한","huge, enormous, very large, tremendous, colossal"
12,feasible,실행 가능한,"practicable, viable, possible, achievable, most likely"
12,vibrant,활기 넘치는; 선명한,"active, vivacious, energetic; vivid, bright, brilliant"
12,accumulation,축적,"buildup, collection, stock"
12,link,"관계, 유대; 관련짓다","connection, bond, tie; connect, relate, associate"
12,informally,비공식적으로,"commonly, casually"
12,sovereign,군주,"master, monarch, ruler"
12,key,중요한; 조,"important, central, essential; tone"
12,eventually,결국,"in the end, finally, ultimately, later, in time"
12,persistent,지속되는,"continuous, enduring, long-lasting, constant"
12,corroborate,확증하다,"confirm, verify, substaniate"
12,inaugurate,"개시하다, 시작하다","introduce, initiate, begin, commence"
12,further,추가적인,"additional, extra, supplementary"
12,concentrate on,~에 집중하다,"focus on, pay attention to"
12,moreover,게다가,"additionally, in addition, as well, besides"
12,execute,수행하다; 제작하다,"perform, carry out, fulfill, implement; produce"
12,urbane,세련된,"cultivated, sophisticated, polished, refined"
12,boast,자랑하다; 가지고 있다,"show off, brag, swagger, pride oneself on; proudly possess"
12,envision,"마음속에 그리다, 상상하다","imagine, conceive, visualize"
12,intermediate,중간의,"in-between, between extremes, median"
12,frightful,무서운,"alarming, fearsome"
12,irrevocable,돌이킬 수 없는,"permanent, irreversible, unchangeable"
12,disintegration,"분해, 붕괴","breaking apart, collapse"
12,burgeoning,급증하는,"rapidly expanding, growing, escalating"
12,terrestrial,속세의,"earthly, worldly"
12,adorn,꾸미다,"decorate, beautify, ornament"
12,revolution,"변혁, 개혁","fundamental change, innovation"
12,randomness,무작위성,lack of pattern
12,superficial,표면적인,"external, not deep, exterior"
12,diversion,주의 전환물,distraction
12,originate from,~에서 비롯되다,"come from, derive from, stem from"
12,intimate,친밀한,"close, familiar"
12,blossom,번영하다,"flourish, bloom, thrive"
12,groundwork,"토대, 기초","foundation, basis, footing"
12,trivial,사소한,"small, frivolous, unimportant, insignificant"
12,posterity,후대,"future generations, next generations"
12,aggravate,악화시키다,"make worse, worsen, exacerbate"
12,obtainable,얻을 수 있는,"available, accessible, attainable"
12,extent,범위,"range, scope, stretch"
12,ingenious,"기발한, 독창적인","inventive, creative, innovative, clever"
12,burst,터지다,"break open, break out"
12,outlying,"외진, 중심에서 떨어진","far from the center, remote, distant"
12,revolve around,~을 중심으로 돌다,"focus on, center on"
12,meticulously,꼼꼼히,"carefully, precisely"
12,utilitarian,실용적인,"practical, pragmatic, functional"
12,constitute,구성하다,"make up, comprise, compose"
12,reciprocal,상호 간의,mutual
12,tendency,경향,"inclination, trend, proneness"
12,artifact,인공 유물,"object, item, article"
12,expedite,"신속히 처리하다, 촉진시키다","accelerate, speed up, urge, rush"
12,scenario,시나리오,"situation, sequence of events"
12,define,분명히 하다,identify
12,propulsion,"추진, 추진력","moving forward, thrust, impetus"
12,resolute,확고한,"firm, determined, steadfast, unwavering"
12,phase,"시기, 단계","period, stage, step"
12,fairly,"꽤, 상당히; 공정하게","reasonably, moderately, pretty; impartially"
13,merely,단지,"simply, only, no more than, just, purely"
13,decimate,"죽이다, 파괴하다","destroy, eliminate, wipe out, demolish, devastate"
13,incentive,"동기, 자극","motivation, motive, encouragement, inducement"
13,retrieve,되찾다,"bring back, get back, recover, obtain, regain"
13,compress,압축하다,"condense, compact, contract, crush"
13,designate,명시하다,"indicate, identify, specify, define"
13,dissemination,"보급, 유포","spread, distribution, diffusion"
13,marked,"두드러진, 현저한","noticeable, considerable, prominent, discernible"
13,hypothetical,"가상의, 가정의","supposed, imaginary"
13,flow,"흐름, 이동","stream, current; movement, motion"
13,precise,정확한,"exact, accurate, definite"
13,stipulate,조건으로서 요구하다,"require, demand, call for"
13,perspective,관점,"point of view, viewpoint, orientation"
13,enhance,향상시키다,"improve, enrich, intensify"
13,fundamental,"근본적인, 기본적인","essential, basic, primary, elementary"
13,evident,분명한,"clear, apparent, obvious, manifest"
13,shift,"옮기다, 바꾸다","move, transfer, change, switch"
13,unique among,~중에서 유일무이한,different from other
13,full-fledged,완전히 발달한,"well-developed, full-blown"
13,laborious,"인내를 요하는, 힘든","difficult, strenuous"
13,emit,"내뿜다, 방출하다","give off, exhale, release, discharge, send out"
13,stunning,놀랄 만큼 멋진,"amazing, impressive, breathtaking, spectacular"
13,tantalizing,흥미를 돋우는; 감질나는,"tempting, enticing; teasing"
13,abandoned,버려진,"no longer occupied, deserted, vacant"
13,transmit,전하다,"convey, communicate, send"
13,candidly,솔직히,"honestly, frankly, plainly"
13,compulsorily,의무적으로,"by requirement, obligatorily, mandatorily"
13,aid,돕다,"assist, support, help, back"
13,deliberation,토의,"discussion, debate, conference"
13,preposterous,터무니없는,"unbelievable, absurd, nonsensical"
13,sparse,드문드문한; 부족한,"scattered, thinly distributed; scanty, meager, scarce, limited"
13,occasionally,가끔,"once in a while, now and then, sometimes"
13,inconceivable,상상도 할 수 없는,"unthinkable, unimaginable"
13,breeding,번식,"reproduction, propagation"
13,overriding,가장 중요한,"dominant, chief, principal"
13,favor,더 좋아하다,"prefer, lean toward"
13,sediment,침전물,"remains, deposition"
13,clever,영리한,"ingenious, smart, brilliant, bright"
13,consistently,일관되게,"regularly, typically, unchangingly"
13,rate,평가하다,"judge, assess, evaluate"
13,predominate,"우세하다; 지배적인, 우세한","outweigh, prevail; most popular"
13,realize,"깨닫다, 이해하다; 달성하다, 실현하다","be aware of, understand, catch on; achieve, accomplish, fulfill"
13,circuitous,우회하는,"indirect, roundabout"
13,owing to,~ 때문에,"due to, because of, as a result of"
13,model,"견본, 전형","specimen, prototype, example"
13,with respect to,~에 관하여,"with regard to, in terms of, in reference to"
13,continuous,계속되는,"uninterrupted, ongoing, unceasing, consecutive"
13,collaborate,협력하다,"cooperate, put effort together, work together"
13,anonymous,"익명의, 신원불명의","unknown, unnamed, unidentified, innominate"
13,somewhat,어느 정도,"to some degree, to some extent, rather"
13,damaging,해로운,"harmful, detrimental, noxious"
13,dramatically,"극적으로, 몹시","greatly, substantially, remarkably"
13,heighten,고조시키다,"increase, intensify"
13,share,몫,"portion, part, allotment"
13,shortly,곧,"soon, presently"
13,besides,게다가; ~ 외에,"in addition, moreover; apart from"
13,seep,스며 나오다,"ooze, flow slowly, pass through slowly"
13,habit,습관,"usual behavior, custom, practice"
14,lethal,치명적인,"deadly, dangerous, fatal, pernicious"
14,modest,"그리 크지 않은, 수수한","small, not large, limited, simple"
14,component,구성 요소,"element, constituent, ingredient, part, factor"
14,exploitation,"이용, 착취","use, abuse, misuse"
14,relic,"유물, 나머지","remains, remnant, vestige"
14,profoundly,"깊이, 대단히","deeply, completely, strongly"
14,deflect,방향을 바꾸다,"change the direction of, divert"
14,highlight,강조하다,"emphasize, stress, underline, accent"
14,exert,"가하다, 행사하다","apply, exercise, employ, put forth, wield"
14,potential,잠재적인; 가능성,"possible, prospective, latent; possibility"
14,recurring,되풀이되는,"repeated, recurrent"
14,meager,불충분한,"scanty, scarce, very low, deficient"
14,prevail,"널리 퍼지다, 만연하다; 이기다","be dominant, dominate, be widespread, be prevalent; triumph"
14,exclusively,"오로지, 전적으로","solely, only, entirely, totally"
14,consensus,합의,"agreement, consent"
14,now and then,가끔,"occasionally, from time to time, at times"
14,discrete,별개의,"separate, distinct, individual"
14,anchor,고정시키다,"hold in place, secure, fasten"
14,improbable,있음직하지 않은,"unlikely, implausible, doubtful"
14,pragmatic,실용적인,"practical, utilitarian"
14,undisputed,모두가 인정하는,"acknowledged, accepted, recognized"
14,allocation,"할당, 배분","distribution, assignment, allotment"
14,inconclusive,결정적이지 않은,"not definitive, indecisive"
14,withstand,견디다,"endure, resist, sustain"
14,cornerstone,"토대, 기초","foundation, basic element, basis, underpinning"
14,marvelous,놀라운,"wonderful, astonishing, amazing"
14,clue,"단서, 증거","information, indication, evidence, trace, sign"
14,unintentionally,의도치 않게,"inadvertently, accidentally, unconsciously"
14,peak,"정점, 절정","height, pinnacle, summit, maximum"
14,continual,끊임없는,"constant, incessant, ceaseless"
14,thorough,철저한,"complete, exhaustive, intensive"
14,accurate,정확한,"precise, correct, exact, true"
14,mobilize,동원하다,"put into action, deploy"
14,given that,~을 고려하면,"accepting that, considering that"
14,cargo,"화물, 짐","shipment, load, freight, burden"
14,solitary,"외딴, 외로운","isolated, secluded, remote; alone, lonely"
14,slightly,약간,"a little, somewhat, a bit"
14,deliberately,일부러,"intentionally, consciously, on purpose"
14,unthinkable,상상도 할 수 없는,"inconceivable, unimaginable"
14,coinage,신조어,"creation, innovation"
14,obligation,"의무, 책임","responsibility, duty, liability"
14,reconcile,화해시키다,"bring together, reunite"
14,severe,"엄한, 가혹한","harsh, extreme, rigorous, strict"
14,foremost,으뜸가는,"most respected, most important, preeminent, supreme"
14,surge,급증하다,"increase, rise, wax"
14,hasten,재촉하다,"accelerate, rush, hurry, speed up"
14,tentatively,머뭇거리며,"without certainty, uncertainly, hesitantly"
14,scorn,"비웃다, 경멸하다","ridicule, disdain, sneer, despise"
14,throughout,~동안 내내,"during every part of, during the whole of"
14,pitfall,"위험, 어려움","difficulty, trouble"
14,coupled with,~과 결합된,"together with, combined with"
14,huge,거대한,"enormous, large, massive, mammoth, gigantic"
14,span,기간; 걸치다,"duration, period, length; extend across, cover, cross"
14,hollow,속이 빈,"empty, vacant, void, unfilled"
14,appreciable,주목할 만한,"significant, noticeable, considerable"
14,shield,보호하다,"protect, defend, safeguard"
14,spearhead,앞장서다,"lead, lead the way, head"
14,methodically,체계적으로,systematically
14,manage to,간신히 ~하다,be able to
15,intact,손상되지 않은,"undamaged, unbroken, whole, complete, unaffected"
15,albeit,비록 ~이지만,"although, though, even though"
15,complex,"복잡한; 복합 건물, 복합체","intricate, complicated, elaborate, involved; group of buildings, system"
15,conventional,"전통적인, 통례의","traditional, customary, standard, usual"
15,reasonable,합리적인; 가격이 적당한,"sensible, rational, logical; sufficient"
15,attainment,성취,"achievement, accomplishment, fulfillment"
15,progressively,점진적으로,increasingly
15,drawback,결점,"disadvantage, problem, defect, shortcoming"
15,suppress,"억제하다, 참다; 진압하다","hold back, restrain; stop by force"
15,incidentally,"덧붙여 말하자면, 그런데",by the way
15,tactic,전략,"strategy, maneuver"
15,substantial,상당한,"large, considerable, significant, noticeable"
15,verify,입증하다,"confirm, establish the truth of, validate"
15,sustained,지속적인,"constant, continued, uninterrupted, prolonged"
15,radical,"근본적인; 극단적인, 과격한","fundamental, basic; extreme, drastic"
15,prime,"최고의, 주요한","peak, high-quality, superior, main"
15,grasp,이해하다,"understand, catch, comprehend, apprehend"
15,prominently,눈에 띄게,"very noticeably, conspicuously, notably"
15,precipitate,"재촉하다, 촉진하다","bring about, cause, give rise to, trigger"
15,interlock,서로 맞물리다,"link, connect, join"
15,accordingly,그에 따라서,"consequently, for that reason"
15,relevant,"관련된, 적절한","applicable, pertinent, germane"
15,remarkably,신기하게도,surprisingly
15,disputable,논란의 여지가 있는,"challengeable, debatable, arguable"
15,ambitious,야심 있는,"desiring success, aspiring"
15,congeal,"굳다, 응고하다","solidify, harden, stiffen, condense"
15,scrupulous,"세심한, 꼼꼼한; 양심적인","careful, fastidious, meticulous; honest, moral"
15,cautious,"신중한, 조심성 있는","careful, wary, prudent, discreet"
15,realm,"영역, 범위","area, field, sphere, domain"
15,dam,둑으로 막다,"block, obstruct"
15,flattery,아첨,praise
15,amplify,"확대하다, 증대하다","increase, magnify, enlarge, expand"
15,dimension,"크기, 규모","size, magnitude"
15,deplete,"다 써버리다, 대폭 감소시키다","exhaust, empty, use up; reduce"
15,characteristic,"특유의; 특징, 특성","distinctive, peculiar, special; quality, feature, trait"
15,ice sheet,대륙 빙하,glacier
15,spectator,"관객, 구경꾼","viewer, onlooker"
15,bountifully,풍부하게,"abundant, copiously, plentifully, exuberantly"
15,suffer paralysis,마비를 겪다,lose the ability to move
15,variation,"변동, 차이","variance, fluctuation, difference"
15,periphery,주변,"edge, boundary, border, fringe"
15,apparently,외관상으로는,"seemingly, ostensibly, outwardly"
15,far-reaching,광범위한,"extensive, widespread, broad"
15,embody,구체적으로 나타내다; 포함하다,"incarnate, represent, manifest; contain, incorporate"
15,evade,피하다,"escape, avoid, elude, dodge, shun"
15,against,"~에 붙여, ~ 옆에","next to, beside"
15,due to,"~로 인한, ~에 기인하는","caused by, owing to, attributable to"
15,classify,분류하다,"categorize, arrange, assort"
15,oblige,강요하다,"force, require, compel"
15,identical,동일한,"same, indistinguishable, equal"
15,intimately,친밀하게,closely
15,questionable,의심스러운,"doubtful, suspicious, dubious"
15,spot,발견하다,"detect, see, find"
15,immerse,"물에 담그다, 잠그다","cover, plunge, dip"
15,not in consensus with,의견이 ~와 일치하지 않는,not in agreement with
15,be tempted to,~하고 싶어지다,be inclined to
15,inception,"시작, 개시",beginning
16,subsequently,그 후에,"later, afterward"
16,explicit,분명한,"clear, specific, obvious, unambiguous, definite"
16,prevailing,(의견 등이) 지배적인,"dominant, widespread, current, existing"
16,rudimentary,"기본적인, 기초의; 미발달의","basic, elementary, fundamental; primitive, undeveloped"
16,allude to,~을 넌지시 언급하다,"suggest, refer to, imply, indicate"
16,assertive,"자기주장이 강한, 독단적인","forceful, dogmatic"
16,fuse,"녹다, 녹이다; 융합하다","melt, dissolve; combine, merge"
16,transitory,일시적인,"short-lived, brief, ephemeral, fleeting"
16,inviolable,"(법 등이) 어길 수 없는, 신성한","without exception, allowing no exception; sacred"
16,supersede,대신하다,"replace, displace, supplant, substitute"
16,abundant,풍부한,"plentiful, bountiful, ample, numerous"
16,significant,상당한; 중요한,"considerable, substantial, serious; important, essential"
16,elaboration,공들여 다듬기; 이론의 전개,"development, improvement"
16,pristine,"자연 그대로의, 오염되지 않은","unspoiled, pure, untouched"
16,steadily,끊임없이,"consistently, continuously, constantly, at an unvarying rate"
16,hence,"따라서, 그러므로","therefore, consequently, thus"
16,fabricate,만들어 내다,"make, produce, build"
16,meet,(문제·위기 등에) 대처하다,"deal with, handle"
16,devour,게걸스럽게 먹다,"eat, consume, gulp, gobble"
16,amiss,잘못된,"wrong, erroneous, faulty"
16,figure out,알아내다,"determine, calculate, work out"
16,augment,증가시키다,supplement
16,trespass,불법 침입하다,"invade, encroach, infringe"
16,deduce,추론하다,"conclude, infer, derive"
16,quantify,"양을 재다, 측정하다",measure
16,aggregation,집단,"group, body, assemblage"
16,lax,태만한,"careful, neglectful, negligent"
16,pace,속도,"speed, rate, tempo"
16,inspect,검사하다,"examine, scan, check"
16,keen,예리한,"sharp, acute"
16,abandon,"버리다, 포기하다","desert, give up, forsake, relinquish"
16,prowess,뛰어난 솜씨,"ability, competence, expertise"
16,anyone can see,누가 봐도 알 수 있듯이,"it is clear, it is apparent"
16,coarse,거친,"rough, crude"
16,impervious,통과할 수 없는,"impermeable, resistant, impenetrable"
16,moderate,"누그러지다; 온건한, 온화한","lessen, diminish; gentle, temperate, mild"
16,stagnant,활발하지 않은,"inactive, sluggish"
16,drive,"몰아가다; 추진력, 진취성; (조직적인) 운동","propel, force, push, impel, compel; ambition; campaign, effort"
16,anxiety,"걱정, 불안","worry, angst, uneasiness"
16,allegedly,전해지는 바에 의하면,"supposedly, reportedly"
16,utilize,이용하다,"employ, use, make use of"
16,differential,차별적인,"uneven, discriminatory"
16,maintain,유지하다; 주장하다,"preserve, continue, sustain, keep; claim, assert, contend"
16,jointly,"함께, 공동으로","together, in conjunction with, as one"
16,catastrophic,"비극적인, 파멸의","disastrous, harmful, tragic, calamitous"
16,aridity,건조함,"dryness, waterlessness"
16,paradoxically,역설적으로,"contradictorily, surprisingly"
16,archetypal,전형적인,"ideal, classic, exemplary"
16,purposely,고의로,"intentionally, deliberately, knowingly"
16,collision,충돌,"crash, smash"
16,implant,"심다, 끼워 넣다","insert, embed"
16,standpoint,"관점, 견해","perspective, point of view"
16,cue,신호,"signal, sign"
16,trappings,"장식, 장신구","decoration, ornament, adornment"
16,spawn,야기하다,"give rise to, create, produce"
16,outbreak,"급격한 증가, (질병 등의) 창궐","sudden increase, upsurge"
17,prolonged,오래 계속되는,"lengthy, extended, protracted"
17,relative,상대적인,comparable
17,ultimate,"최종의, 궁극적인; 근본적인","eventual, final, supreme; fundamental, basic, primary"
17,brittle,"부러지기 쉬운, 깨지기 쉬운","easily broken, breakable, fragile"
17,pioneer,선구자; 개척하다,"leader, founder; first develop, (first) start, first use, introduce"
17,heritage,"유산, 전통","inheritance, legacy; tradition"
17,impetus,자극,"motivation, stimulus, spur, impulse"
17,threshold,"한계점, 기준점","limit, margin"
17,intensify,강화하다,"reinforce, strengthen, enhance"
17,orchestrate,조직하다,"coordinate, organize"
17,hamper,방해하다,"obstruct, impede, hinder, restrict, prevent"
17,inhospitable,불친절한; 살기에 부적당한,"unfavorable, unfriendly; not suitable, uninhabitable"
17,roughly,대략,"approximately, nearly, about"
17,prevalent,"일반적인, 널리 퍼진","common, general, widespread"
17,orientation,"성향, 경향; 오리엔테이션","perspective, inclination, disposition; introduction, induction"
17,converge,모이다,"come together, meet, move closer, gather"
17,inflate,"부풀다, 부풀리다","swell, bloat, expand, enlarge"
17,terrain,"지역, 지형","land, landscape, territory, area"
17,critically,결정적으로,"fundamentally, decisively, crucially"
17,in earnest,진지하게,"seriously, earnestly, solemnly"
17,agile,민첩한,"nimble, quick, active"
17,standstill,"정지, 멈춤","complete stop, halt"
17,persuasively,설득력 있게,"convincingly, compellingly"
17,miraculous,"기적적인, 놀라운","amazing, astonishing, marvelous, unbelievable"
17,intangible,무형의,"nonmaterial, impalpable, incorporeal"
17,secure,확보하다; 안전한,"obtain, get, acquire, procure; safe"
17,subsist,생존하다,"survive, endure, exist"
17,undoubtedly,확실히,"certainly, definitely, without question"
17,dispose of,~을 처리하다,get rid of
17,archive,공식 기록,"official document, record"
17,regenerate,"재건하다, 재생시키다","renew, revive, revitalize"
17,mode,"방식, 형태","method, form, fashion, style"
17,commemorate,기념하다,"celebrate, memorialize"
17,imprecise,부정확한,"inexact, inaccurate"
17,state,명시하다,"indicate, specify, express"
17,anticipate,예상하다,"expect, foresee, predict, forecast"
17,henceforth,지금부터는,"from now on, hereafter"
17,transparent,"투명한, 명쾌한","clear, obvious, lucid, limpid"
17,prominence,중요성,"importance, greatness"
17,incorporate,통합하다,"include, combine, integrate"
17,meticulous,꼼꼼한,"careful, thorough, precise"
17,dismantle,분해하다,"take apart, disassemble, break down"
17,lavish,"풍부한, 호화로운","rich, deluxe, luxurious"
17,dynamic,"역동적인; 원동력, 힘","active, energetic, vigorous, robust; energy, power, driving force"
17,overlook,간과하다,"miss, fail to notice"
17,dormant,"활동하지 않는, 휴면 중인","inactive, torpid"
17,exempt,면제된,"free, immune, not subject to, excused"
17,as a whole,전체적으로,"generally, overall, all together, by and large"
17,rather,"오히려; 좀, 약간","instead; somewhat, slightly"
17,justify,"옹호하다, (정당성을) 증명하다","support, prove, give a rational basis of"
17,chaotic,무질서한,"disorganized, disordered, anarchic"
17,commence,시작하다,"begin, start, originate, initiate"
17,improvised,즉흥의,"unplanned, unprepared, unrehearsed"
17,stem from,~에서 유래하다,"originate from, derive from, arise from"
17,judiciously,"현명하게, 분별 있게","wisely, sensibly, prudently"
17,tolerate,"용인하다, 허용하다","accept, allow, permit"
18,initiative,진취성,"enterprise, ambition, drive"
18,provided that,만약 ~이라면,"if, once, on the condition that, supposing"
18,phenomenal,경이적인,"extraordinary, remarkable"
18,likewise,"마찬가지로, 똑같이; 또한","similarly, in the same way; also, as well"
18,tangible,"유형의, 실재하는","material, physical, concrete, substantial"
18,absurd,터무니없는,"ridiculous, preposterous, ludicrous"
18,inclement,(날씨가) 혹독한,"unfavorable, harsh, severe"
18,overly,지나치게,"excessively, inordinately, unduly"
18,consume,소비하다; 소멸시키다; 먹다,"expend, use up, completely use, exhaust; destroy, devastate, demolish; eat, devour"
18,overall,전반적인,"general, total, comprehensive"
18,promote,촉진하다,"encourage, advance, further, forward"
18,proliferation,급증,"increase, growth, multiplication"
18,copious,풍부한,"plentiful, abundant, ample, bountiful"
18,negligible,사소한,"insignificant, slight, minor, trivial"
18,notably,특히,"particularly, especially, in particular"
18,inhibit,금지하다,"hinder, restrict, limit, restrain, ban, prohibit, forbid"
18,worshiper,예배자,people participating in a religious service
18,pool,모으다; 기업 연합,"combine, put together; combination, group"
18,at the urging of,~의 권고로,at the recommendation of
18,ornamental,장식용의,"decorative, beautifying, embellishing"
18,regime,"정권, 체제","government, administration, authorities"
18,acclaim,격찬하다,"praise, compliment, applaud"
18,comprehensible,이해할 수 있는,"understandable, apprehensible, knowable"
18,disparity,"차이, 불균형","inequality, imbalance, disproportion"
18,bold,용감한,"daring, brave, courageous"
18,noteworthy,주목할 만한,"important, notable, significant"
18,spectacular,"장관인, 눈부신","magnificent, splendid, impressive"
18,extracted from,~에서 뽑아낸,"taken out of, drawn out of"
18,tantalize,애타게 하다,tempt
18,allied,관련된,"related, linked, connected"
18,authoritative,"권위 있는, 믿을 만한","official, authorized"
18,moral,교훈,"lesson, message, teaching"
18,compatible,"일치하는, 양립할 수 있는","consistent, congruous, consonant"
18,buildup,축적,accumulation
18,stress,"강조하다; 중점, 강조","emphasize, highlight, underline; emphasis, accent"
18,respective,"각각의, 개별적인","particular, individual"
18,peculiarity,"(기이한) 특징, 특성","feature, characteristic, quality"
18,rely upon,~에 의존하다,"depend upon, resort to"
18,rapid,빠른,"fast, quick, speedy, swift"
18,saturate,흠뻑 적시다,"soak, drench, wet thoroughly"
18,constitution,"구성, 구조","form, structure"
18,efface,"지우다, 없애다","wipe out, erase, expunge"
18,manageable,관리하기 쉬운,"controllable, affordable, easy to handle"
18,approach,접근하다; 접근법,"come close, move toward, come toward, near, reach; method, way"
18,routinely,일상적으로,"commonly, regularly, habitually"
18,adapt,적용하다,"adjust, acclimate, conform"
18,implication,"결과, 영향","consequence, result"
18,unambiguous,분명한,"clear, distinct, definite"
18,rigor,"엄격함; 고초, 어려움","harshness, strictness, rigidness; hardship, adversity"
18,contentious,논쟁을 불러일으키는,"disputed, controversial, argumentative"
18,competent,유능한,"adept, skilled, capable"
18,incredible,믿기 힘든,"unbelievable, inconceivable, unimaginable"
18,string,일련,"series, chain"
18,decompose,"부패하다, 부식하다","decay, rot"
18,lateral,측면의,side
19,forage,"(식량 등을) 찾아다니다; 사료, 먹이","seek for food, search, hunt, rummage; feed, fodder, food"
19,erect,"세우다, 건설하다","build, construct, raise, set up"
19,integral,"필수적인; 완전한, 빠진 것이 없는","essential, crucial, indispensable; complete"
19,precisely,정확하게,"exactly, accurately, correctly, with precision"
19,handle,처리하다,"process, manage, deal with"
19,objective,"목적, 목표; 편견 없는","purpose, aim, goal; unbiased, impartial"
19,deviate,벗어나다,"depart, turn aside, diverge, stray"
19,vigor,"활력, 힘","energy, strength, vitality"
19,decisive,"결정적인, 명확한","significant, definitive, definite"
19,primordial,최초의,"beginning, original, earliest"
19,cluster,"(떼를 지어) 모이다, 모으다","gather, group, assemble"
19,revise,"수정하다, 변경하다","change, modify, alter, edit, correct"
19,obscure,"흐릿한, 불분명한","unclear, uncertain, hidden, dim, faint"
19,rebound,"다시 일어서다, 회복하다; 회복","recover, rally, bounce back; recovery, return"
19,thus,따라서,"consequently, therefore, accordingly"
19,minutely,자세하게,"in detail, meticulously"
19,tend,돌보다,"take care of, look after, care for, foster"
19,impact,영향,"influence, effect, repercussion"
19,luxuriant,무성한,"rich, abundant, exuberant, opulent"
19,altogether,완전히,"fully, completely, entirely, totally, wholly"
19,astounding,놀라운,"amazing, astonishing, surprising"
19,propagation,"보급, 전파","spread, dissemination"
19,encroach,침입하다,"trespass, invade, intrude"
19,bizarre,"이상한, 기괴한","strange, odd, erratic, exotic, irregular"
19,elevate,들어 올리다,"raise, lift, heave, hoist"
19,superb,훌륭한,"excellent, outstanding, magnificent"
19,accommodate,"수용하다; 적응하다, 맞추다","lodge, make room for, hold; adjust to, suit, adapt, fit"
19,infinite,무한한,"limitless, unlimited, immeasurable, boundless"
19,glimpse into,~을 흘끗 봄,"brief view into, quick look into"
19,mold,"형성하다, 만들다","shape, form, fashion"
19,wary,경계하는,"cautious, distrustful, watchful"
19,expansion,"팽창, 확장","spread, growth"
19,autonomy,자치(권),"self-rule, independence"
19,complaint,"불만, 항의","protest, grievance"
19,subordinate,종속적인,"secondary, subject, dependent"
19,thrive,번성하다,"do well, prosper, flourish"
19,by and large,대체로,"for the most part, on the whole"
19,unique to,~ 특유의,"existing only in, exclusive to"
19,annual,연간의,yearly
19,frigid,몹시 추운,"cold, freezing, frosty"
19,appreciate,인식하다,"recognize, understand, perceive"
19,apparatus,"기구, 장치","equipment, device"
19,engender,야기하다,"cause, bring about, generate"
19,adverse,부정적인,"negative, unfavorable, not favorable, harmful"
19,accomplished,숙련된,"skilled, proficient"
19,conceal,"숨기다, 감추다","hide, cover, obscure"
19,uniform,"일정한, 한결같은","consistent, even, invariable"
19,complement,"금상첨화격 요소, 보완물",supplement
19,refrain from,~을 삼가다,"avoid, abstain from, keep from"
19,column,기둥,"pillar, post"
19,underscore,강조하다,"emphasize, reinforce, underline, accentuate"
19,inspire,영감을 주다,"motivate, fire the imagination of"
19,swell,"팽창하다, 팽창시키다","increase, expand, enlarge"
19,deficient,부족한,"not enough, insufficient, inadequate"
19,indiscriminately,"무차별로, 가리지 않고",randomly
19,to some extent,어느 정도까지,within limits
19,hierarchical,계급제의,arranged in order of
20,harness,(자연의 힘 등을) 이용하다,"utilize, put to use, employ"
20,prestige,"명성, 위신","high regard, status"
20,radically,철저하게; 근본적으로,"extremely, completely; essentially"
20,exhibit,"보이다, 나타내다","show, display, present, demonstrate, set forth"
20,deposit,"놓다, 두다","lay, place, lay down, set down, leave behind"
20,shatter,산산이 부수다,"break, destroy, smash"
20,baren,"척박한, 불모의","infertile, sterile, lifeless, unable to sustain life"
20,consent,동의하다,"agree, assent"
20,give rise to,~을 초래하다,"cause, produce, provoke, bring about"
20,size up,평가하다,"evaluate, measure, assess, appraise"
20,mimic,"흉내 내다, 모방하다","imitate, copy, reproduce"
20,contiguous,인접한,"neighboring, adjacent, adjoining"
20,engage,참여시키다; 예약하다; 고용하다,"involve; reserve, book; hire"
20,initial,최초의,"first, original, earliest"
20,essential,근본적인; 필수적인,"fundamental; indispensable, required"
20,pertinent,관련된,"relevant, related, germane"
20,traumatic,정신적 충격이 큰,"highly stressful, upsetting, disturbing"
20,on the whole,대체로,"in general, generally, overall, by and large"
20,dispersal,"확산, 분산","distribution, scattering"
20,sought-after,"수요가 많은, 인기 있는","desired, desirable, in demand"
20,expand,"확장시키다, 확장하다","enlarge, increase, swell, bloat"
20,mastery,"통제력, 지배; 전문적 지식",control; expertise
20,perpetually,끊임없이,"continually, incessantly, ceaselessly"
20,evacate,대피하다; 비우고 떠나다,move out
20,excrete,"배설하다, 방출하다","expel, discharge, eject"
20,gradually,서서히,"slowly, little by little"
20,affluent,풍부한; 부유한,"plentiful, abundant; wealthy, rich, well-off"
20,stationary,움직이지 않는,"unmoving, motionless, immobile"
20,cling to,~에 달라붙다,"stick to, hold tightly, adhere to"
20,endow,기부하다; (능력·재능 등을) 부여하다,"donate; grant, provide, endue"
20,verging on,"~에 가까운, 거의 ~인",bordering on
20,contemptuous,업신여기는,"scornful, disdainful"
20,accelerate,속도를 높이다,"increase in speed, speed up"
20,confirm,확인하다,"ascertain, verify"
20,harsh,가혹한,"severe, rigorous, inclement"
20,mere subsistence,"최저 생계 수단, 생필품",basic living necessaries
20,adherent,지지자,"supporter, advocate"
20,invaluable,매우 귀중한,"precious, priceless, valuable"
20,successive,연속적인,"sequential, consecutive, serial"
20,coating,"코팅, 칠, 입힌 것","layer, film"
20,resume,다시 시작하다,"restart, begin again, recommence"
20,dual,이중의,"double, twofold"
20,composite,합성물,"mixture, compound"
20,illuminate,밝게 하다; 명확하게 하다,"light, brighten; clarify"
20,allure,매혹하다,"attract, invite, appeal, lure"
20,rekindle,"다시 불러일으키다, 되살아나게 하다","renew, arouse, reawaken"
20,devastation,파괴,"destruction, demolition, ruin"
20,tentative,"망설이는, 불확실한","uncertain, unsure"
20,suppose,추측하다,"assume, presume, surmise"
20,primitive,초기의; 발달되지 않은,"early, primeval; simple, rudimentary"
20,interrupt,중단시키다,break off
20,conform,따르다,"comply, obey, follow"
20,combine,결합시키다,"incorporate, mix, unite"
20,terminal,마지막의,"final, last"
20,point out,"지적하다, 언급하다","state, indicate, show"
21,flourish,번창하다,"thrive, prosper, blossom, do well"
21,dissipate,"(구름·안개 등을) 흩뜨리다, 흩어지다","disperse, scatter"
21,profound,"엄청난; 깊은, 심오한; 폭넓은","great, significant; deep, fundamental; far-reaching"
21,intriguing,매우 흥미로운,"interesting but not completely understood, fascinating"
21,considerably,상당히,"significantly, appreciably, fairly"
21,ingenuity,"창의력, 교묘함","creativeness, inventiveness; cleverness"
21,conquer,이기다,"defeat, prevail, triumph"
21,fragment,"조각, 부분; 산산이 부수다, 부서지다","piece, flake, particle, part; break apart, shatter, divide"
21,spell,한동안,a certain period of time
21,facet,측면,"aspect, phase"
21,mundane,"일상적인, 평범한","ordinary, banal, commonplace"
21,dense,"밀집한, 빽빽한","crowded, thick, compact"
21,random,"무작위의, 우연한","unplanned, unpredictable, chance"
21,mere,"단지 ~에 불과한, 하찮은","nothing more than, insignificant"
21,persistence,지속,"continuation, ceaselessness"
21,intrusive,"개입하는, 참견하는","interfering, meddlesome"
21,culminate in,~에서 절정에 달하다,"reach completion in, reach the highest point in"
21,stabilize,"안정시키다, 고정시키다","hold in place, support"
21,prompt,"유발하다, 자극하다","cause, bring about, induce; stimulate"
21,distinction,차이,"difference, divergence, contrast"
21,constant,"변함없는, 일정한","unchangeable, steady, stationary"
21,appreciation,이해,"understanding, comprehension"
21,sophistication,(고도의) 지식,expertise
21,pronouncement,"선언, 발표","statement, declaration, proclamation"
21,flag,"시들다, 줄다","lessen, weaken, fade, wither"
21,ambivalent,상반되는 감정을 가진,"mixed, unsure, undecided"
21,term,칭하다,"call, name, designate, denominate"
21,flawed,결함이 있는,"incorrect, defective, imperfect"
21,reminisce,회상하다,"recollect, remember, recall, look back"
21,destitute of,~이 없는,"lacking, empty of, deficient in"
21,regrettably,유감스럽게도,"unfortunately, lamentably, sadly"
21,principle,원리,"basic method, original method"
21,contain,포함하다,"include, comprise"
21,juncture,"연결, 접합","connection, junction, link"
21,discount,무시하다,"ignore, disregard"
21,or so,~정도,roughly
21,dejected,낙담한,"depressed, downhearted"
21,proposal,제안,"idea, offer, proposition, suggestion"
21,for all,~에도 불구하고,"in spite of, with all, despite"
21,uniquely,독특하게,"exceptionally, distinctively"
21,criticize,비난하다,"find fault with, blame, condemn, censure"
21,erode,"침식시키다, 침식되다","wear down, wear away, wear out"
21,tension,"긴장, 압박","strain, pressure"
21,ancient,고대의,"early, old, prehistoric, antique"
21,inherently,본질적으로,"essentially, intrinsically"
21,sporadic,때때로 일어나는,"occasional, intermittent, irregular, infrequent"
21,apex,정점,"crest, peak, acme, pinnacle"
21,though,그렇지만; ~이지만,"however, nevertheless, yet, still; although, while, albeit"
21,infer,추론하다,"conclude, derive, reason, deduce"
21,core,핵심,"central idea, center, heart"
21,mutation,"돌연변이 과정, 변화, 변형","change, variation, alteration"
21,thrill,"흥분, 전율","excitement, exhilaration, frisson"
21,mutilate,못쓰게 만들다,"damage, injure, disable"
21,rigidly,엄격하게,"strictly, rigorously, severely"
21,matter,물질; 사안,"substance, material, stuff; issue"
21,contradicting,서로 대립하는,opposing
21,unwilling,"마지못해 하는, 꺼리는",reluctant
22,skeptical,의심 많은,"doubting, incredulous, dubious, suspicious"
22,optimal,"최적의, 최선의","best, ideal, most satisfactory"
22,hint,"암시, 단서","indication, implication, clue"
22,challenge,"문제, 난제; 이의를 제기하다","difficulty, problem; question, dispute"
22,potentially,어쩌면,"possibly, perhaps, maybe"
22,compel,강요하다,"force, oblige, require, coerce"
22,simultaneously,동시에,"at the same time, concurrently, in parallel"
22,static,변화가 없는,"unchanging, immobile, unmoving"
22,retain,"보유하다, 유지하다","preserve, keep, maintain"
22,strictly,엄격히; 오로지,"rigorously, severely, tightly, precisely; only, exclusively, solely"
22,exceptionally,유난히,"uncommonly, unusually, distinctively"
22,consequently,"그 결과, 따라서","as a result, therefore, hence, thus"
22,obtain,"얻다, 획득하다","acquire, gain, earn, derive, achieve"
22,epitomize,~의 전형이 되다; 요약하다,"exemplify, typify, represent; summarize, abridge"
22,aggregate,"총계의; 모이다, 모으다","overall, total, combined, collective; gather, collect, combine, accumulate, amass"
22,in principle,이론상으로,"theoretically, in theory, on paper"
22,sequentially,"연속적으로, 순차적으로","consecutively, successively"
22,surveillance,감시,"observation, watch, supervision"
22,accompany,동반하다,"occur with, come with"
22,hazardous,위험한,"dangerous, perilous, risky, unsafe"
22,thwart,좌절시키다,frustrate
22,vanish,사라지다,"disappear, fade, evaporate"
22,synthesis,통합,"combination, union, integration"
22,forum,공공 광장,"public area, public square"
22,invade,침입하다,"trespass, enter, intrude, raid"
22,quarters,주거 숙소,"residence, dwelling, habitation, abode"
22,abolish,(법률·제도 등을) 폐지하다,"eliminate, end, annul, revoke, nullify"
22,staggering,충격적인,"shocking, astonishing, stunning, astounding"
22,disclose,"(비밀 등을) 밝히다, 폭로하다","reveal, divulge, unveil"
22,scores,다수,"a large number, host, crowd, multitude"
22,eager to,~을 하고 싶어 하는,"anxious to, keen to, impatient to"
22,systematically,체계적으로,methodically
22,stimulate,"자극하다, 활성화시키다","prompt, spur, promote, activate"
22,limited,"제한된, 한정된","restricted, narrow, confined"
22,excessive,지나친,"extreme, undue, exorbitant"
22,similar,비슷한,"comparable, alike, analogous"
22,entitled to,~할 권리가 있는,"given the right to, authorized to, qualified to"
22,constantly,끊임없이,"continually, continuously, perpetually, always"
22,turbulence,"소란, 동요","agitation, tumlt, commotion, turmoil"
22,essence,본질,"fundamental, essentiality, substance, nature"
22,back up,"지지하다, 지원하다","support, stand by, aid, assist"
22,flexibility,"융통성, 적응성","adaptability, adjustability, versatility"
22,archaic,구식의,"antiquated, outdated, old, primitive"
22,eject,쫓아내다,"force out, throw out, expel"
22,interpret,"해석하다, 이해하다","construe, explain, understand"
22,intensity,"강도, 세기",strength
22,sloping,경사진,"inclining, inclined, slanted"
22,endeavor,"노력하다, 시도하다","make an effort, strive, struggle, attempt"
22,circumvent,우회하다,"get around, bypass, detour"
22,counterproductive,역효과를 낳는,contrary to what is necessary
22,lucid,명료한,"clear, obvious, distinct"
22,delineate,(윤곽 등을) 그리다,"outline, trace"
22,practical,"실용적인, 효과적인","pragmatic, functional, effective"
22,revere,"존경하다, 숭배하다","honor, admire, venerate, respect"
22,unpromising,가망이 없는,unfavorable
22,heed,주의,"attention, notice, caution"
22,location,"장소, 지역","region, site, position, place"
22,opposing,"상반되는, 모순되는",conflicting
23,configuration,배치; (배치) 형태,"arrangement; shape, form, conformation"
23,induce,"야기하다, 유발하다; 설득하다","bring about, cause, stimulate; persuade, convince"
23,attain,"(목적지·고령 등에) 도달하다; 성취하다, 얻다","reach, arrive at; achieve, accomplish, realize"
23,erratic,불규칙한,"irregular, unpredictable, uneven"
23,eventual,최종적인,"ultimate, final"
23,mandate,"명령, 지시","order, command, instruction"
23,prosperous,번영하는; 부유한,"flourishing, thriving, blooming; financially successful, wealthy, affluent"
23,requisite,"필수품, 필요조건; 필수적인","necessity, requirement; essential, required, necessary"
23,partake of,"함께 먹다, 함께 하다","consume, share"
23,pledge,"약속, 맹세","promise, oath, vow, undertaking"
23,contend,주장하다,"argue, assert, maintain"
23,confine,"경계, 범위; 가두다; 제한하다","boundary, limit; cramp, enclose, cage; limit"
23,dictate,"(권위를 갖고) 지시하다; 좌우하다, 결정하다","require, suggest, prescribe; determine"
23,durable,오래가는,"long-lasting, lasting, enduring"
23,collectively,공동으로,"together, all together, unitedly"
23,furnish,제공하다,"provide, supply, offer"
23,alter,"변경하다, 바꾸다","change, modify, metamorphose"
23,determine,결정하다; 측정하다,"decide, resolve, conclude; figure out, calculate"
23,haul,"끌고 가다, 끌다","draw, pull, drag, heave"
23,approximation,"근접성, 가까움","nearness, closeness, proximity"
23,found wanting,부족하다고 여겨지는,judged inadequate
23,classic,"전형적인, 대표적인","typical, exemplary, model"
23,grossly,지나치게,excessively
23,vivid,선명한; 생생한,"bright, brilliant; graphic, lifelike"
23,artificial,"인조의, 인공의","synthetic, man-made"
23,transplant,이동시키다,"place in another context, remove, relocate"
23,camouflage,"위장하다, 감추다","hide, disguise, conceal"
23,implement,"도구, 기구","tool, instrument, appliance"
23,excavate,"파내다, 발굴하다","dig out, dig up, unearth, disinter"
23,disgust,"혐오감, 불쾌감","distaste, nausea, aversion"
23,secluded,외딴,"remote, hidden, isolated, solitary"
23,engulf,(불·파도 등이) 삼켜 버리다,swallow
23,chronic,"만성적인, 장기간에 걸친","persistent, constant, incessant"
23,magnificent,굉장히 멋진,"superb, gorgeous, beautiful, splendid"
23,truism,"뻔한 말, 자명한 이치","self-evident truth, commonplace, cliché"
23,accidental,우연한,"unintentional, inadvertent, unintended"
23,invent,발명하다,"devise, originate"
23,inherent in,~에 내재된,characteristic of
23,expose,"드러내다, 노출시키다","make visible, exhibit, uncover, subject"
23,perpetuate,영속시키다,"continue, immortalize, eternize"
23,be inclined to,~하는 경향이 있다,tend to
23,illusory,착각을 일으키는,"misleading, deceptive, delusive"
23,heyday,전성기,"high point, golden age, prime, florescence"
23,proficient,능숙한,"skilled, skillful, expert, adept"
23,amply,풍부하게,"generously, bountifully, lavishly"
23,desolate,황량한,"deserted, bleak, dreary"
23,more subtle,더 포착하기 어려운,less noticeable
23,disrupt,방해하다,"interfere with, interrupt, upset"
23,forerunner,"선조, 선구자","predecessor, antecedent"
23,immediate,즉각적인; 인접한,"instant, prompt, on-the-spot; nearest, neighboring, adjacent"
23,wield,"(권력·무기 등을) 휘두르다, 행사하다","exercise, use, handle"
23,crush,(희망·사기를) 꺾다,"discourage, deflate"
23,manner,"방법, 방식","way, fashion, mode"
23,uneasy,"불안한, 불안정한","apprehensive, unstable, disturbed, ill at ease"
24,sustain,"떠받치다, 지탱하다; 지속하다, 유지하다","support, bear, uphold; maintain, continue"
24,subsequence,"연속, succession"," next in a series"
24,accumulate,(서서히) 모으다,"gather, collect, compile, gradually increase in number"
24,assert,주장하다,"claim, maintain, declare, forcefully establish, contend"
24,progressive,진보적인; 점진적인,"advanced, liberal; increasing, continuous"
24,strikingly,눈에 띄게,"remarkably, noticeably"
24,comparable,"비슷한, 동등한","analogous, similar, equivalent, alike"
24,hinder,방해하다,"interfere with, hamper, stunt, impede"
24,concern,걱정시키다; 관심사,"worry; interest, regard, care"
24,presumably,아마,"supposedly, probably, thought to be, it can be assumed"
24,ritual,의식적인,ceremonial
24,unresolved,미정의,"undecided, undetermined, unsettled"
24,convey,전달하다,"transmit, communicate, deliver, impart"
24,devise,고안하다,"invent, create, design, contrive"
24,astonish,깜짝 놀라게 하다,"amaze, surprise, astound, shock"
24,stringent,엄한,"strict, rigorous, tight"
24,vastly,대단히,"greatly, enormously, immensely, exceedingly"
24,to a large extent,대체로,"for the most part, mainly, largely"
24,updated,최신의,newer
24,impulse,자극(제),"stimulus, basic motivation, impetus"
24,evidence,증거,"proof, verification"
24,conjuncture,"결합, 접합","combination, connection, juncture"
24,aberrant,정도를 벗어난,"abnormal, deviant, eccentric, erratic"
24,firmly,단단히,"securely, fixedly"
24,invariably,"언제나, 예외 없이","always, without exception, constantly"
24,sacred,신성한,"holy, divine"
24,cramped,"비좁은, 제한된","confined, restricted"
24,outdated,구식의,"old-fashioned, antiquated, archaic, outmoded"
24,self-confident,자신감 있는,"assured, self-assured"
24,allay,완화시키다,"reduce, relieve, soothe"
24,authenticity,진짜,"genuineness, realness"
24,masked,"가면을 쓴, 감춘","concealed, covered"
24,fracture,"균열, 갈라진 틈","rupture, crack, gap, cleft"
24,scanty,부족한,"scarce, sparse, thin, short, meager"
24,debris,"파편, 잔해","fragment, wreckage, remains, dreg"
24,unexpectedly,뜻밖에,"surprisingly, unpredictably"
24,marginally,조금,"slightly, somewhat, a little"
24,infrequent,드문,"uncommon, rare, unusual"
24,capacity,"능력, 재능","ability, talent, flair"
24,conceive,상상하다,"imagine, envision, visualize"
24,immobile,"움직이지 못하는, 정지한","unable to move, motionless"
24,milestone,획기적인 사건,"significant event, important event"
24,tempting,매력적인,"attractive, appealing, inviting, appetizing"
24,antagonistic,"적대하는, 대립하는","hostile, adversarial"
24,prized,"뛰어난, 소중한","outstanding, prominent, valued"
24,cognitive,"인지력의, 정신적 작용의",mental
24,refuge,피난처,"shelter, place of safety, sanctuary"
24,full sweep,모든 범위,whole range
24,notwithstanding,~에도 불구하고,"despite, in spite of"
24,trap,잡다,"catch, capture"
24,methodical,체계적인,"systematic, organized"
24,emergency,"위기, 비상 사태","crisis, exigency"
24,gain,증가,"increase, rise, growth, augmentation"
24,signal,신호를 보내다,"cue, indicate, communicate, gesture, motion"
24,issue,"문제, 논점","matter, point, question"
24,obliterate,지우다,"delete, erase, efface"
24,in addition,게다가,moreover
24,at the same time,"동시에, 함께",simultaneously
24,voracious predator,탐욕스러운 포식자,strong competitor
25,inevitable,불가피한,"unavoidable, certain, inescapable"
25,consequent,결과로서 일어나는,"resultant, resulting, eventual, ensuing"
25,decimation,"대량 파괴, 대량 살해","destruction, devastation"
25,evoke,불러일으키다,"arouse, cause, draw, produce, induce"
25,vulnerable,취약한,"easily damaged, susceptible, weak, open to attack"
25,elaborate,"정교한, 복잡한; 자세히 설명하다","detailed, more complex, complicated; make detailed"
25,enigmatic,"불가사리한, 이해할 수 없는","mysterious, puzzling"
25,coincide with,일치하다,"correspond to, accord with"
25,seemingly,"외견상으로, 겉보기에는","apparently, ostensibly"
25,wrought,만들어진,"created, formed, manufactured"
25,obstacle,장애물,"barrier, hindrance, impediment, obstruction"
25,lucrative,"수익성이 좋은, 유리한","profitable, gainful, advantageous"
25,extensive,"광범위한, 넓은","widespread, large, wide, broad, far-reaching"
25,dampen,적시다,"moisten, wet, soak, saturate"
25,opaque,불분명한; (유리·액체 등이) 불투명한,"unclear, obscure; impenetrable"
25,endorse,지지하다; 서명(배서)하다,"support, subscribe, back, advocate; sign"
25,advent,"출현, 도래","arrival, coming, introduction, appearance"
25,severely,"격렬하게, 심하게","intensely, seriously, sharply"
25,immutable,불변의,"unchangeable, invariable, unalterable"
25,yardstick,"기준, 척도","measure, criterion, benchmark, standard"
25,preserve,"보호하다, 보존하다","protect, save, retain, maintain, conserve"
25,conviction,(강한) 신념,"strong belief, strong opinion, faith"
25,hallmark,특징,"feature, distinguishing trait, sure signal"
25,timid,"소심한, 겁 많은","shy, fearful, cowardly"
25,robust,"튼튼한, 강한","strong, vigorous, healthy, stalwart"
25,discard,버리다,"throw away, abandon, reject, dispose of, cast aside"
25,complicated,복잡한,"complex, intricate, elaborate"
25,apart from,~을 제외하고,"besides, except for, excluding"
25,graduate to,"(더 높은 단계로) 나아가다, 승진하다","progress to, advance to, proceed to"
25,demonstrate,"나타내다, 보여주다","indicate, show, manifest"
25,deluxe,호화로운,"lavish, luxurious, opulent, rich"
25,dispute,논쟁하다; 논쟁,"argue, contend; argument, disagreement, debate"
25,convention,"관례, 관습","usually practiced custom, tradition, rule"
25,rival,경쟁하는; 경쟁자; ~와 경쟁하다,"competing, competitive, conflicting; competitor, antagonist, opponent; compete with, match"
25,modulate,"조절하다, 조정하다","adjust, regulate, tune"
25,universal,"전 세계적인, 보편적인","used everywhere, general"
25,equivalent,"동등한, 상응하는","equal, comparable, even, commensurate"
25,sparsely,"드문드문, 밀도가 낮게","thinly, widely scattered"
25,exceed,"넘다, 초과하다","go beyond, surpass, have a greater number than"
25,linger,남다,"remain, stay"
25,innovative,독창적인,"original, inventive, creative, ingenious"
25,antiquity,고대,"ancient times, distant past"
25,impending,임박한,"approaching, imminent"
25,doctrine,"교리, 원칙","tenet, principle, dogma"
25,contribute,"기부하다, 공헌하다","donate, endow, pitch in with, conduce"
25,cease,"멈추다, 끝나다","stop, halt, end, terminate"
25,prior to,~보다 전에,"before, previous to, ahead of"
25,groom,(깔끔하게) 다듬다,"clean, tidy"
25,diversity,"다양성, 차이","variety, difference"
25,correlate,(서로) 연관시키다,"match, connect, link"
25,elite,최상류층,"upper class, upper crust, aristocracy, gentry"
25,stratify,층을 이루다,layer
25,lessen,줄이다,"reduce, abate, diminish"
25,upset,불안하게 하다,"disturb, agitate, unsettle, worry"
25,accrete,하나로 합쳐지다,"come together, accumulate"
25,uninterrupted,"연속적인, 끊임없는","steady, ceaseless, incessant"
26,offset,상쇄하다,"counterbalance, counteract, cancel out"
26,assume,(책임·임무를) 떠맡다,"undertake, take on, adopt"
26,assume,생각하다,"believe, think, suppose, presume"
26,periodically,정기적으로,regularly
26,periodically,"간헐적으로, 때때로","at intervals, occasionally"
26,cite,언급하다,"refer to, mention, allude to"
26,commonly,"보통, 일반적으로","generally, often, normally, usually"
26,locate,"(위치 등을) 찾아내다, 발견하다","find, detect, discover"
26,locate,(장소·위치에) 두다,"position, situate, place"
26,impose,강요하다,"force, pressure, enforce"
26,prerequisite,필요 조건,"requirement, necessary condition, precondition"
26,immunity,면제,"exemption, impunity"
26,proper,적절한,"suitable, appropriate, apposite"
26,embark on,시작하다,"start (on), begin, commence"
26,probe,"조사하다, 찾다","investigate, search, examine, explore"
26,probe,"탐구, 탐사","exploration, inquiry"
26,exhaust,"다 써 버리다, 고갈시키다","use up, deplete, run out of"
26,exhaust,지치게 하다,"tire, weary, fatigue"
26,exclusive,유일한,"only, sole, single"
26,manipulate,"다루다, 조종하다","handle, control, operate, maneuver"
26,manipulate,"조작하다, 속이다, change"," deliberately alter"
26,ongoing,계속 진행 중인,"continued, constant, persistent"
26,primary,기본적인,"fundamental, elementary, basic"
26,interval,(시간·공간의) 간격; 기간,"space, distance; period"
26,spark,유발하다,"bring about, trigger, provoke"
26,tenacity,"완고함, 고집","stubbornness, determination, firmness"
26,distinctive,"특유의, 특색 있는","characteristic, peculiar"
26,collaborative,"공동의, 협력적인","cooperative, concerted, joint"
26,deeply ingrained,"(습관 등이) 깊이 배어든, 뿌리박힌",firmly established
26,instantaneous,즉각적인,"immediate, prompt, on_the_spot"
26,agitate,"뒤흔들다, 휘젓다","create movement in, stir, beat"
26,in profile,옆모습으로,from side view
26,especially,특히,"particularly, notably, specially"
26,creative,창의적인,"inventive, imaginative"
26,rim,가장자리,"edge, border, verge, margin"
26,anxious,걱정하는,"worried, concerned, apprehensive, uneasy"
26,anxious,열망하는,"eager, keen, longing"
26,require,"요구하다, 필요로 하다","demand, call for, entail, need"
26,handy,편리한,convenient
26,rare,드문,"(very) unusual, infrequent, scarce, uncommon"
26,diligently,"열심히, 애써서","earnestly, assiduously, carefully, industriously"
26,mutually exclusive,상호 배타적인,different from one another
26,vacant,(집·땅 등이) 비어 있는,"empty, unoccupied, void"
26,represent,"묘사하다, 나타내다","depict, portray, express"
26,conclude,결론을 내리다,"decide, make a final judgement, determine"
26,enactment,(법률) 제정,establishment
26,impede,방해하다,"inhibit, hinder, obstruct"
26,humble,"초라한, 겸손한","modest, unpretentious, unassuming"
26,premise,"전제, 가정","assumption, presupposition"
26,jettison,버리다,"release, discard, throw away, cast off"
26,segregate,"분리하다, 격리하다","separate, seclude, dissociate, disunite"
26,innumerable,무수한,"countless, numberless, numerous"
26,havoc,대파괴,"destruction, ruin, devastation, demolition"
26,dwindle,줄어들다,"decrease, diminish, lessen"
26,concept,개념,"idea, notion"
26,sensational,"굉장한, 놀라운","extraordinary, exciting"
26,convincing,설득력 있는,"persuasive, compelling, credible, cogent"
26,insight,"통찰력, 이해","understanding, perception, sense"
26,naively,"솔직하게, 순진하게","plainly, candidly, ingenuously"
26,vague,"모호한, 불분명한","unclear, uncertain, imprecise, obscure"
26,associated,관련된,"connected, correlated, linked"
26,amplification,부연 설명,further explanation
27,remnant,"나머지, 잔존물","leftover, remains, trace, relic"
27,indispensable,필수적인,"essential, necessary, requisite"
27,undermine,약화시키다,"weaken, attenuate"
27,fashion,방식,"way, manner, mode"
27,fashion,"만들다, 형성하다","shape, create, make"
27,prolong,연장하다,"extend, lengthen, protract"
27,adequate,충분한,"sufficient, satisfactory"
27,halt,정지시키다,"stop, cease"
27,controversial,논쟁의 여지가 있는,"debatable, disputed, producing disagreement"
27,match,"맞먹다, 필적하다","equal, rival, parallel"
27,enduring,"지속되는, 영속적인","lasting, surviving, everlasting, perpetual"
27,restrict,제한하다,"limit, confine, restrain"
27,encompass,포함하다,"include, contain, embrace"
27,consider,"곰곰이 생각하다, 고려하다","contemplate, take into account"
27,integrate,통합하다,"unite, unify, synthesize, interconnect, consolidate"
27,startling,놀라운,"surprising, astonishing, alarming"
27,unaccounted for,설명되지 않은,not explained
27,manifest,나타내다,"indicate, reveal, demonstrate"
27,manifest,명백한,"obvious, clear, definite, evident"
27,fragile,"깨지기 쉬운, 약한","easily broken, delicate, weak"
27,faithful,"(사실 등에) 충실한, 정확한","accurate, exact, precise, veracious"
27,concede,인정하다,"admit, accept as true, acknowledge"
27,concede,허락하다,grant
27,threaten,위태롭게 하다,"endanger, menace, imperil, jeopardize"
27,revolutionize,혁신을 일으키다,"fundamentally change, completely change"
27,haphazard,"무계획적인, 우연한","random, chance, casual"
27,mainstay,"주요 의지물, 대들보","important part, anchor, buttress"
27,wholly,완전히,"completely, entirely, fully, thoroughly"
27,edible,먹을 수 있는,"eatable, fit to eat, safe to eat"
27,legible,알아볼 수 있는,"recognizable, readable"
27,scrutinize,(세밀히) 조사하다,"examine, inspect, investigate, probe"
27,in essence,본질적으로,"essentially, fundamentally, basically, in substance"
27,beneficial,유익한,"useful, helpful, advantageous, profitable"
27,distribute,분배하다,"parcel out, spread, allot, apportion"
27,heir,상속인,"inheritor, successor"
27,specifically,특별히,"specially, especially, particularly"
27,costly,돈이 많이 드는,"expensive, high-priced"
27,yield,산출하다,"produce, generate, give"
27,yield,"넘겨주다, 양도하다","cede, surrender, hand over"
27,channel,"(관심·노력 등을) 돌리다, 쏟다",direct
27,necessary,"필요한, 필수적인","required, requisite, essential, indispensable"
27,retrospect,"회고하다, 추억하다",look back
27,overview,개요,"summary, outline, synopsis"
27,occasional,가끔의,"infrequent, sporadic, intermittent"
27,respectively,각각,"separately, individually, each"
27,entice,유혹하다,"tempt, allure, seduce"
27,choose,선택하다,"opt, select"
27,work out at,계산되다,be calculated at
27,enlist,입대하다; (신병을) 모집하다,"enroll, join, sign up; recruit"
27,diminish,줄이다,"reduce, decrease, lessen, cut, abate"
27,norm,규범,"rule, standard"
27,ostentatious,과시하는,showy
27,desert,(사람·장소·동물을) 버리다,"abandon, forsake, leave"
27,dwelling,거주지,"living quarters, habitation, residence, home"
27,homogenize,동질화하다,"remove variation within, make uniform"
27,up,"(가격 등을) 올리다, 증가시키다","increase, raise, augment, multiply"
27,displace,대체하다,"supplant, replace"
27,displace,옮기다,move out of position
27,numerous,매우 많은,"very many, countless, innumerable"
27,discharge,방출하다,"release, emit, excrete"
27,defend,"방어하다, 지키다",guard
27,compose,구성하다,make up
DAY,표제어,한글뜻,유의어
28,abundance,"다수, 풍부","plenty, large number, profusion"
28,onset,시작,"beginning, start, commencement"
28,witness,목격하다,"observe, see, look on"
28,mount,증가하다,"grow, increase, multiply"
28,reinforce,강화하다,"strengthen, support, consolidate, fortify"
28,intense,"강렬한, 극심한","strong, extreme, fierce, acute"
28,involved,복잡한,"complicated, intricate, tangled"
28,solely,오로지,"only, purely, exclusively, entirely"
28,undergo,"(변화 등을) 겪다, 경험하다","experience, go through, suffer"
28,mechanism,"기계, 장치","instrument, device, apparatus"
28,mechanism,방법,"means, method, way"
28,speculate,추측하다,"guess, suppose, hypothesize, assume"
28,conclusively,결정적으로,"decisively, definitively"
28,significantly,상당히,"considerably, remarkably, markedly"
28,adopt,"채택하다, 받아들이다","take up, begin to use, select"
28,staple,"주요 상품, 주요소","basic item, regular feature, basic feature"
28,staple,"기본적인, 주요한","basic, primary"
28,secrete,분비하다,"release, produce, excrete"
28,secrete,숨기다,"conceal, hide, veil"
28,pursue,"실행하다, 수행하다","practice, conduct, perform"
28,conserve,"보존하다, 보호하다","keep, protect, save, preserve"
28,toil,힘써 일하다,"work hard, labor"
28,approximate,대략적인; 가까운,"rough; close, near"
28,approximate,비슷하다,resemble
28,monumental,"엄청나게 큰, 기념비적인","huge, massive, great and significant"
28,contract,"줄이다, 수축하다","shorten, constrict"
28,puzzling,영문 모를,"difficult to explain, enigmatic"
28,divest,"빼앗다, 박탈하다","deprive, strip, despoil"
28,pacifier,중재자,"peacemaker, arbitrator, mediator, intermediary"
28,permanently,영구히,"forever, eternally, perpetually, everlastingly"
28,estimate,"평가하다, 추산하다","assess, evaluate, judge, calculate"
28,hurdle,장애물,"obstacle, barrier, hindrance, impediment"
28,relish,즐기다,"enjoy, like, delight in, revel in"
28,simulate,"흉내 내다, 가장하다","imitate, pretend, feign"
28,hover,"맴돌다, 떠다니다","drift, float, stay on the top"
28,display,보여 주다,"show, exhibit, present"
28,ominous,불길한; 험악한,"foreboding, portentous; threatening"
28,stretch,늘이다,"extend, length"
28,concur,동의하다,"agree, assent, consent"
28,crisis,위기,"critical situation, emergency"
28,amplitude,"크기, 규모","size, extent, magnitude"
28,disintegrate,붕괴되다,"break down, fall apart, crumble"
28,liken to,~에 비유하다,compare to
28,immoral,부도덕한,"improper, corrupt, vicious"
28,instigate,유발하다,"cause, provoke, trigger, incite"
28,extraordinary,비범한,"exceptional, unusual, remarkable"
28,resurgence,"재기, 부활","comeback, revival, rebirth"
28,patent,명백한,"evident, obvious, apparent, manifest"
28,regular,정기적인; 일정한,"routine, ordinary; consistent"
28,by virtue of,~덕분에(때문에),"because of, thanks to, on account of"
28,sever,"자르다, 분리하다","cut, cut off, part, separate, divide"
28,in conjunction with,~과(와) 함께,"concomitant with, together with, along with"
28,confidence,확신,"certainty, assurance, faith"
28,distinguish,구별하다,"differentiate, tell apart, discern"
28,on the contrary,그와는 반대로,"conversely, on the other hand"
28,preponderance,대부분,majority
28,intermingle,섞이다,"mix, blend"
28,merchandise,상품,"goods, product, commodity"
28,delicate,깨지기 쉬운,"fragile, brittle"
28,delicate,"섬세한, 고아한","dainty, exquisite, fine"
28,promising,유망한,"likely, hopeful"
28,gesture,"제스처, 몸짓, a movement made with the head"," hand or arm"
29,analogous,유사한,"similar, comparable, like, parallel"
29,repercussion,(사건·행동 등의) 영향,"effect, consequence, result"
29,impart,"주다, 부여하다","give, provide, bestow, offer, grant"
29,foster,조장하다,"encourage, promote"
29,foster,위탁 양육하다,"raise, bring up"
29,elongate,늘이다,"stretch, lengthen, extend, prolong"
29,in tandem with,~와 협력하여,"in association with, in conjunction with"
29,transition,"변화, 변천","change, alteration, shift"
29,scarce,부족한; 희귀한,"limited, short in supply, not readily available; rare"
29,clear,분명한,"apparent, obvious, lucid"
29,clear,치우다,"remove, clean"
29,relentless,끊임없는,"continuous, unceasing, persistent"
29,relentless,냉혹한,"merciless, ruthless"
29,intrinsic,"고유의, 타고난","inherent, innate"
29,compact,빽빽한,"dense, thick"
29,compact,작은,"smaller, pocket-sized, little"
29,compact,압축하다,"compress, condense"
29,predominantly,"주로, 대부분","mainly, primarily, mostly, largely"
29,widespread,"광범위한, 널리 퍼진","prevalent, broadly accepted, common"
29,perishable,"잘 상하는, 썩기 쉬운","likely to decay, likely to spoil, spoilable"
29,perishable,영속하지 않는,not permanent
29,myriad,무수히 많음,"multitude, millions"
29,myriad,무수한,"countless, innumerable, numerous"
29,found,"창설하다, 설립하다","establish, create, set up"
29,swiftly,빠르게,"quickly, speedily, rapidly"
29,crucially,결정적으로,"decisively, critically, definitively"
29,scope,범위,"extent, range, reach"
29,projection,"추정, 예상","estimate, calculation, forecast, prediction"
29,feature,특징,"characteristic, attribute, quality"
29,employ,사용하다,"use, utilize, make use of"
29,proportion,비율,"percentage, rate"
29,proportion,"크기, 규모","size, magnitude"
29,misleading,현혹시키는,"deceptive, unreliable, delusive"
29,seamless,아주 매끄러운,perfectly smooth
29,embellishment,장식(물),"decoration, ornamentation, adornment"
29,sterile,척박한,"barren, unproductive, infertile"
29,sterile,살균한,antiseptic
29,in response to,~에 대한 대응으로,in reaction to
29,from time to time,가끔,"occasionally, now and then"
29,ambiguous,모호한,"open to various interpretations, uncertain, obscure"
29,out of sight,보이지 않는 곳에,"hidden, invisible"
29,perplexed,당혹스러운,"puzzled, bewildered"
29,despondent,낙담한,"unhappy, discouraged, depressed"
29,collide,충돌하다,"hit each other, crash, strike"
29,assessment,평가,"evaluation, appraisal"
29,vital,매우 중요한,"essential, important, significant"
29,shrivel,시들다,"dry up, wither, wilt"
29,dissent,이의를 제기하다,"oppose, object, express disagreement"
29,elegant,"품위 있는, 세련된","sophisticated, graceful, refined"
29,qualify,자격을 갖추다; 자격을 주다,"meet the requirement; entitle, empower"
29,evolve,"(서서히) 발전하다, 진화하다","develop, progress"
29,despite,~에도 불구하고,"in spite of, notwithstanding"
29,emergence,출현,"appearance, advent, rise"
29,surplus,"과잉, 잉여물","excess, redundance, extra goods"
29,distant,먼,"faraway, remote"
29,distant,냉담한,"cold, aloof"
29,aim,"목적, 목표","goal, objective, purpose"
29,aim,"목표하다, 겨냥하다",attempt
29,in the ascendant,(인기·세력 등이) 상승 중인,rising in importance
29,draw,(마음·이목 등을) 끌다,"attract, engage"
29,overlie,~위에 가로놓이다,"cover, overspread"
29,signature,서명,identifying mark
29,devoid of,"~이 없는, 결여된","lacking in, destitute of"
29,vessel,"배, 선박","ship, boat, craft"
29,vessel,그릇,container
29,be incorporated in,"포함되다, 편입되다",be part of
29,trauma,"외상, 외상성 상해",damage
30,pose,"(위험 등을) 가하다, 일으키다","present, create, give rise to"
30,principal,주요한,"most important, major, main, prime"
30,assorted,다채로운,"various, varied, diverse"
30,ruthlessly,무자비하게,"without mercy, relentlessly, cruelly"
30,fluctuate,변동하다,"change, vary"
30,viability,생존 능력,"ability to exist, ability to live"
30,viability,실행 가능성,feasibility
30,precarious,불안정한,"unstable, insecure, uncertain"
30,imply,시사하다,"suggest, indicate, connote"
30,diverge,갈라지다,"separate, move apart, part, branch"
30,previously,이전에,"formerly, before, antecedently"
30,portray,"묘사하다, 보여주다","depict, show, picture, describe"
30,suitable,적절한,"appropriate, proper, apt"
30,retard,지체시키다,"slow down, delay"
30,entirely,완전히,"completely, wholly, totally, thoroughly"
30,abruptly,갑자기,"suddenly, unexpectedly"
30,instructive,"교육적인, 유익한","informative, educational, helpful, useful"
30,converse,반대의,"opposite, reverse"
30,shortcoming,"결점, 단점","weakness, disadvantage, defect, failing"
30,vicinity,"주변, 인근","neighborhood, area"
30,vicinity,근접,"closeness, proximity"
30,abort,중단하다,"quit, halt, call off"
30,broaden,넓히다,"widen, expand, enlarge, develop"
30,whereas,~에 반하여,while
30,prodigious,막대한,"massive, enormous"
30,artisan,장인,"craftsman, craftsperson"
30,motif,무늬,"design, pattern, device"
30,antique,"고대의, 오래된","ancient, archaic, old"
30,incessantly,끊임없이,"constantly, continuously, persistently"
30,habitat,"서식 환경, 거주지","environment; home, dwelling, living quarters"
30,steadfastly,확고하게,"firmly, solidly, resolutely"
30,keenly,"강렬하게, 몹시","deeply, intensely, acutely"
30,intercourse,"교류, 교환","exchange, interchange"
30,episode,하나의 사건,"event, occurrence, incident, happening"
30,bound for,"~행의, ~를 향한","going to, destined for"
30,penchant,"경향, 기호","inclination, tendency, fondness, liking"
30,incipient,초기의,"initial, beginning"
30,distort,왜곡하다,"misrepresent, twist, falsify"
30,redundancy,불필요한 중복; 과잉,"duplication; superfluity, extra capacity"
30,subject to,~에 영향을 받기 쉬운,"susceptible to, likely to get"
30,bountiful,풍부한,"abundant, plentiful, ample, prolific"
30,deter,"방해하다, 막다","stop, preclude, prevent, inhibit"
30,roundabout,"우회적인, 간접적인","indirect, circuitous"
30,dim,희미한,"faint, weak, obscure"
30,dubious,의심스러운,"suspected, suspicious, distrustful, questionable"
30,alarm,공포,"fear, fright, terror"
30,alarm,놀라게 하다,"surprise, startle, dismay"
30,eminent,뛰어난,"distinguished, outstanding, prominent"
30,perceptibly,"눈에 띄게, 상당히","noticeably, appreciably, sensibly"
30,ubiquitous,어디에나 존재하는,"omnipresent, universal"
30,dryness,건조,"aridity, aridness, drought"
30,constricted,"좁은, 죈","narrow, contracted"
30,elicit,(정보·반응 등을) 끌어내다,"call forth, obtain, extract"
30,intervening years,사이에 있는 세월,between years
30,embrace,받아들이다,"accept, take up, receive, adopt"
30,efficacy,효능,"effectiveness, efficiency, potency"
30,reckless,부주의한,"careless, heedless, inadvertent"
30,diversification,다양화,the emergence of many varieties
30,dismiss,"무시하다, 묵살하다","ignore, disregard"
30,dismiss,해산하다,disband
30,etch,새기다,"cut, carve, engrave"
30,precision,정확성,accuracy
30,currently,"현재는, 지금은",at the present time